db_id,uniprot_accession,uniprot_id
DB00001,P00734,THRB_HUMAN
DB00006,P00734,THRB_HUMAN
DB00007,P30968,GNRHR_HUMAN
DB00010,Q02643,GHRHR_HUMAN
DB00014,P22888,LSHR_HUMAN
DB00017,P30988,CALCR_HUMAN
DB00035,P37288,V1AR_HUMAN
DB00035,P47901,V1BR_HUMAN
DB00050,P22888,LSHR_HUMAN
DB00050,P30968,GNRHR_HUMAN
DB00067,P37288,V1AR_HUMAN
DB00067,P30518,V2R_HUMAN
DB00067,P47901,V1BR_HUMAN
DB00091,P08183,MDR1_HUMAN
DB00091,Q96LZ3,CANB2_HUMAN
DB00093,P37288,V1AR_HUMAN
DB00094,P23945,FSHR_HUMAN
DB00104,P30872,SSR1_HUMAN
DB00104,P35346,SSR5_HUMAN
DB00104,P21452,NK2R_HUMAN
DB00106,P30968,GNRHR_HUMAN
DB00107,P01178,NEU1_HUMAN
DB00107,P48147,PPCE_HUMAN
DB00109,Q12882,DPYD_HUMAN
DB00114,P35520,CBS_HUMAN
DB00114,Q9BYV1,AGT2_HUMAN
DB00114,Q99259,DCE1_HUMAN
DB00114,Q16719,KYNU_HUMAN
DB00114,P34896,GLYC_HUMAN
DB00114,Q9Y697,NFS1_HUMAN
DB00114,P17174,AATC_HUMAN
DB00114,P04181,OAT_HUMAN
DB00114,P11926,DCOR_HUMAN
DB00114,Q8N5Z0,AADAT_HUMAN
DB00114,P80404,GABT_HUMAN
DB00114,Q9NVS9,PNPO_HUMAN
DB00114,O95470,SGPL1_HUMAN
DB00114,P17735,ATTY_HUMAN
DB00114,Q16773,KAT1_HUMAN
DB00114,Q8IYQ7,THNSL_HUMAN
DB00114,P06737,PYGL_HUMAN
DB00114,O15270,LCB2_HUMAN
DB00114,Q9Y600,CSAD_HUMAN
DB00114,P19113,DCHS_HUMAN
DB00114,Q96A70,ADC_HUMAN
DB00114,P20132,SDHL_HUMAN
DB00114,O75600,KBL_HUMAN
DB00114,P23378,GCSP_HUMAN
DB00114,P24298,ALAT1_HUMAN
DB00114,Q9Y617,SERC_HUMAN
DB00114,P13196,HEM1_HUMAN
DB00114,P21549,SPYA_HUMAN
DB00114,Q96GD0,PLPP_HUMAN
DB00114,O15269,LCB1_HUMAN
DB00114,P54687,BCAT1_HUMAN
DB00114,O15382,BCAT2_HUMAN
DB00114,O95954,FTCD_HUMAN
DB00114,P00505,AATM_HUMAN
DB00114,P11216,PYGB_HUMAN
DB00114,P11217,PYGM_HUMAN
DB00114,P20711,DDC_HUMAN
DB00114,P34897,GLYM_HUMAN
DB00114,Q2TU84,Q2TU84_HUMAN
DB00114,Q49AK1,Q49AK1_HUMAN
DB00114,Q53ET4,Q53ET4_HUMAN
DB00114,Q53ET7,Q53ET7_HUMAN
DB00114,Q59FK2,Q59FK2_HUMAN
DB00114,Q59GM9,Q59GM9_HUMAN
DB00114,Q59HE2,Q59HE2_HUMAN
DB00114,Q5BJF5,Q5BJF5_HUMAN
DB00114,Q5HYG8,Q5HYG8_HUMAN
DB00114,Q5JAM2,Q5JAM2_HUMAN
DB00114,Q5JWL9,Q5JWL9_HUMAN
DB00114,Q5T7G6,Q5T7G6_HUMAN
DB00114,Q5VZ30,Q5VZ30_HUMAN
DB00114,Q5W5T9,Q5W5T9_HUMAN
DB00114,Q6IAV9,Q6IAV9_HUMAN
DB00114,Q6IBS8,Q6IBS8_HUMAN
DB00114,Q6P996,Q6P996_HUMAN
DB00114,Q6YP21,KAT3_HUMAN
DB00114,Q6ZQY3,Q6ZQY3_HUMAN
DB00114,Q7L670,Q7L670_HUMAN
DB00114,Q86YJ9,Q86YJ9_HUMAN
DB00114,Q8IUZ5,AT2L2_HUMAN
DB00114,Q8IVA8,Q8IVA8_HUMAN
DB00114,Q8N1A5,Q8N1A5_HUMAN
DB00114,Q8N4L9,Q8N4L9_HUMAN
DB00114,Q8N6H3,Q8N6H3_HUMAN
DB00114,Q8TD30,ALAT2_HUMAN
DB00114,Q96EN8,MOCOS_HUMAN
DB00114,Q96GA7,SDSL_HUMAN
DB00114,Q96HY0,Q96HY0_HUMAN
DB00114,Q96JQ3,Q96JQ3_HUMAN
DB00114,Q9BXA1,Q9BXA1_HUMAN
DB00114,Q9GZT4,SRR_HUMAN
DB00114,Q9NZR7,Q9NZR7_HUMAN
DB00114,Q9UGI5,Q9UGI5_HUMAN
DB00114,Q9UJX1,Q9UJX1_HUMAN
DB00114,Q9Y602,Q9Y602_HUMAN
DB00115,P20061,TCO1_HUMAN
DB00115,Q9UBK8,MTRR_HUMAN
DB00115,P20062,TCO2_HUMAN
DB00115,Q8IVH4,MMAA_HUMAN
DB00115,O60494,CUBN_HUMAN
DB00115,P22033,MUTA_HUMAN
DB00116,P11586,C1TC_HUMAN
DB00116,P13995,MTDC_HUMAN
DB00116,P48728,GCST_HUMAN
DB00116,Q96IG6,Q96IG6_HUMAN
DB00116,O75891,FTHFD_HUMAN
DB00116,Q99707,METH_HUMAN
DB00116,O95954,FTCD_HUMAN
DB00116,P31939,PUR9_HUMAN
DB00116,P34896,GLYC_HUMAN
DB00116,P34897,GLYM_HUMAN
DB00116,P42898,MTHR_HUMAN
DB00116,Q53ET4,Q53ET4_HUMAN
DB00116,Q5BJF5,Q5BJF5_HUMAN
DB00116,Q5HYG8,Q5HYG8_HUMAN
DB00116,Q5SNW5,Q5SNW5_HUMAN
DB00116,Q8N1A5,Q8N1A5_HUMAN
DB00116,Q96DP5,FMT_HUMAN
DB00116,Q96HY0,Q96HY0_HUMAN
DB00116,Q9NY62,Q9NY62_HUMAN
DB00117,P19113,DCHS_HUMAN
DB00117,P12081,SYH_HUMAN
DB00117,P42357,HUTH_HUMAN
DB00118,P19623,SPEE_HUMAN
DB00118,P17707,DCAM_HUMAN
DB00118,P31153,METK2_HUMAN
DB00118,P35520,CBS_HUMAN
DB00118,Q00266,METK1_HUMAN
DB00118,Q9NZL9,MAT2B_HUMAN
DB00119,O15427,MOT4_HUMAN
DB00119,P36021,MOT8_HUMAN
DB00119,Q9BYV1,AGT2_HUMAN
DB00119,O15375,MOT6_HUMAN
DB00119,P30613,KPYR_HUMAN
DB00119,O15403,MOT7_HUMAN
DB00119,O60669,MOT2_HUMAN
DB00119,P14618,KPYM_HUMAN
DB00119,P80404,GABT_HUMAN
DB00119,O15374,MOT5_HUMAN
DB00119,O95907,MOT3_HUMAN
DB00119,P53985,MOT1_HUMAN
DB00119,P11498,PYC_HUMAN
DB00120,P17735,ATTY_HUMAN
DB00120,Q9UHI5,LAT2_HUMAN
DB00120,Q9Y285,SYFA_HUMAN
DB00120,P00439,PH4H_HUMAN
DB00120,O95363,SYFM_HUMAN
DB00120,Q9NSD9,SYFB_HUMAN
DB00120,P07101,TY3H_HUMAN
DB00121,P05166,PCCB_HUMAN
DB00121,P50747,BPL1_HUMAN
DB00121,Q9Y289,SC5A6_HUMAN
DB00121,Q9HCC0,MCCC2_HUMAN
DB00121,O00763,COA2_HUMAN
DB00121,Q96RQ3,MCCA_HUMAN
DB00121,P11498,PYC_HUMAN
DB00121,P05165,PCCA_HUMAN
DB00121,Q13085,COA1_HUMAN
DB00122,Q9Y5K3,PCY1B_HUMAN
DB00122,P22303,ACES_HUMAN
DB00122,P28329,CLAT_HUMAN
DB00122,P35790,CHKA_HUMAN
DB00122,Q8NE62,CHDH_HUMAN
DB00122,Q9GZV3,SC5A7_HUMAN
DB00122,P49585,PCY1A_HUMAN
DB00122,O14939,PLD2_HUMAN
DB00122,P06276,CHLE_HUMAN
DB00122,Q13393,PLD1_HUMAN
DB00122,Q8TCT1,PHOP1_HUMAN
DB00122,Q96BZ4,PLD4_HUMAN
DB00123,P30825,CTR1_HUMAN
DB00123,O43246,CTR4_HUMAN
DB00123,Q8WY07,CTR3_HUMAN
DB00123,P52569,CTR2_HUMAN
DB00123,Q15046,SYK_HUMAN
DB00125,Q8WY07,CTR3_HUMAN
DB00125,P81272,NOS2B_HUMAN
DB00125,Q96A70,ADC_HUMAN
DB00125,P04424,ARLY_HUMAN
DB00125,P35228,NOS2A_HUMAN
DB00125,P30825,CTR1_HUMAN
DB00125,Q14961,NOS2C_HUMAN
DB00125,P78540,ARGI2_HUMAN
DB00125,O43246,CTR4_HUMAN
DB00125,P00966,ASSY_HUMAN
DB00125,P29474,NOS3_HUMAN
DB00126,P13674,P4HA1_HUMAN
DB00126,Q9UHI7,S23A1_HUMAN
DB00126,Q02809,PLOD1_HUMAN
DB00126,O00469,PLOD2_HUMAN
DB00126,O60568,PLOD3_HUMAN
DB00126,O75936,BODG_HUMAN
DB00126,P09172,DOPO_HUMAN
DB00126,P19021,AMD_HUMAN
DB00126,Q32P28,P3H1_HUMAN
DB00126,Q6N063,Q6N063_HUMAN
DB00126,Q8IVL5,P3H2_HUMAN
DB00126,Q8IVL6,P3H3_HUMAN
DB00126,Q8N543,Q8N543_HUMAN
DB00126,Q96KS0,EGLN2_HUMAN
DB00126,Q9BY66,JAD1D_HUMAN
DB00126,Q9GZT9,EGLN1_HUMAN
DB00126,Q9H6Z9,EGLN3_HUMAN
DB00126,Q9NVH6,TMLH_HUMAN
DB00126,Q9NXG6,EGLX_HUMAN
DB00127,P21673,SAT1_HUMAN
DB00127,Q9NWM0,SMOX_HUMAN
DB00127,Q96F10,SAT2_HUMAN
DB00127,P19623,SPEE_HUMAN
DB00127,P52788,SPSY_HUMAN
DB00127,P11926,DCOR_HUMAN
DB00127,P19801,ABP1_HUMAN
DB00127,Q5TER2,Q5TER2_HUMAN
DB00128,Q9UJS0,CMC2_HUMAN
DB00128,P17174,AATC_HUMAN
DB00128,Q546F9,Q546F9_HUMAN
DB00128,P45381,ACY2_HUMAN
DB00128,P08243,ASNS_HUMAN
DB00128,P00966,ASSY_HUMAN
DB00128,Q03154,ACY1_HUMAN
DB00128,P00505,AATM_HUMAN
DB00128,P14868,SYDC_HUMAN
DB00128,O75746,CMC1_HUMAN
DB00128,Q12797,ASPH_HUMAN
DB00128,P22234,PUR6_HUMAN
DB00128,P27708,PYR1_HUMAN
DB00128,P30520,PURA2_HUMAN
DB00128,P43005,EAA3_HUMAN
DB00128,Q2TU84,Q2TU84_HUMAN
DB00128,Q53FL3,Q53FL3_HUMAN
DB00128,Q5SVJ2,Q5SVJ2_HUMAN
DB00128,Q5SY84,Q5SY84_HUMAN
DB00128,Q5T6L4,Q5T6L4_HUMAN
DB00128,Q6PI48,SYDM_HUMAN
DB00128,Q7L266,Q7L266_HUMAN
DB00128,Q8N142,PURA1_HUMAN
DB00128,Q96HD9,ACY3_HUMAN
DB00129,P04181,OAT_HUMAN
DB00129,P00480,OTC_HUMAN
DB00129,P05089,ARGI1_HUMAN
DB00129,P54368,OAZ1_HUMAN
DB00129,P52569,CTR2_HUMAN
DB00129,Q9BXI2,ORNT2_HUMAN
DB00129,O43246,CTR4_HUMAN
DB00129,P30825,CTR1_HUMAN
DB00129,P78540,ARGI2_HUMAN
DB00129,Q9Y619,ORNT1_HUMAN
DB00129,Q8WY07,CTR3_HUMAN
DB00129,O95190,OAZ2_HUMAN
DB00129,Q9UMX2,OAZ3_HUMAN
DB00130,Q15758,AAAT_HUMAN
DB00130,P49915,GUAA_HUMAN
DB00130,P08243,ASNS_HUMAN
DB00130,Q16773,KAT1_HUMAN
DB00130,Q9UI32,GLSL_HUMAN
DB00130,O94925,GLSK_HUMAN
DB00130,P17812,PYRG1_HUMAN
DB00130,Q06203,PUR1_HUMAN
DB00130,O15067,PUR4_HUMAN
DB00130,O75879,GATB_HUMAN
DB00130,O94808,GFPT2_HUMAN
DB00130,P15104,GLNA_HUMAN
DB00130,P27708,PYR1_HUMAN
DB00130,P47897,SYQ_HUMAN
DB00130,Q6IA69,NADE1_HUMAN
DB00130,Q9UHI5,LAT2_HUMAN
DB00131,P23109,AMPD1_HUMAN
DB00131,Q9Y478,AAKB1_HUMAN
DB00131,P07741,APT_HUMAN
DB00131,Q9NUB1,ACS2L_HUMAN
DB00131,Q9NR19,ACSA_HUMAN
DB00131,Q13131,AAPK1_HUMAN
DB00131,Q08828,ADCY1_HUMAN
DB00131,P33121,ACSL1_HUMAN
DB00131,P16220,CREB1_HUMAN
DB00131,P11309,PIM1_HUMAN
DB00131,Q07343,PDE4B_HUMAN
DB00131,P06737,PYGL_HUMAN
DB00131,Q08499,PDE4D_HUMAN
DB00131,P09467,F16P1_HUMAN
DB00131,Q8IV48,THEX1_HUMAN
DB00132,O15540,FABPB_HUMAN
DB00132,O60427,O60427_HUMAN
DB00132,O95864,O95864_HUMAN
DB00132,P32418,NAC1_HUMAN
DB00132,Q8NER1,TRPV1_HUMAN
DB00133,P35520,CBS_HUMAN
DB00133,P20132,SDHL_HUMAN
DB00133,Q9GZT4,SRR_HUMAN
DB00133,O15270,LCB2_HUMAN
DB00133,O15269,LCB1_HUMAN
DB00133,P49591,SYS_HUMAN
DB00133,P21549,SPYA_HUMAN
DB00134,P31153,METK2_HUMAN
DB00134,Q9UBK8,MTRR_HUMAN
DB00134,Q00266,METK1_HUMAN
DB00134,Q99707,METH_HUMAN
DB00134,Q9UJ68,MSRA_HUMAN
DB00134,P50579,AMPM2_HUMAN
DB00134,P56192,SYM_HUMAN
DB00134,Q93088,BHMT_HUMAN
DB00134,Q96GW9,SYMM_HUMAN
DB00134,Q9H2M3,BHMT2_HUMAN
DB00134,Q9NZL9,MAT2B_HUMAN
DB00135,P07101,TY3H_HUMAN
DB00135,Q9Y2Z4,SYYM_HUMAN
DB00135,P54577,SYYC_HUMAN
DB00135,P17735,ATTY_HUMAN
DB00136,O15528,CP27B_HUMAN
DB00136,P11473,VDR_HUMAN
DB00137,P02768,ALBU_HUMAN
DB00138,Q9UPY5,XCT_HUMAN
DB00138,P82251,BAT1_HUMAN
DB00138,Q07837,SLC31_HUMAN
DB00139,P31040,DHSA_HUMAN
DB00139,Q8WWT9,S13A3_HUMAN
DB00139,Q13183,S13A2_HUMAN
DB00139,Q9BZW2,S13A1_HUMAN
DB00139,Q96I99,SUCB2_HUMAN
DB00139,O14756,O14756_HUMAN
DB00139,O14521,DHSD_HUMAN
DB00139,O15460,P4HA2_HUMAN
DB00139,O60568,PLOD3_HUMAN
DB00139,O75936,BODG_HUMAN
DB00139,P13674,P4HA1_HUMAN
DB00139,P21912,DHSB_HUMAN
DB00139,P51649,SSDH_HUMAN
DB00139,P53597,SUCA_HUMAN
DB00139,P55809,SCOT_HUMAN
DB00139,Q02809,PLOD1_HUMAN
DB00139,Q12797,ASPH_HUMAN
DB00139,Q32P28,P3H1_HUMAN
DB00139,Q5T9Q6,Q5T9Q6_HUMAN
DB00139,Q8IVL5,P3H2_HUMAN
DB00139,Q8IVL6,P3H3_HUMAN
DB00139,Q99643,C560_HUMAN
DB00139,Q9BXA5,SUCR1_HUMAN
DB00139,Q9BYC2,SCOT2_HUMAN
DB00139,Q9NVH6,TMLH_HUMAN
DB00139,Q9P2R7,SUCB1_HUMAN
DB00139,Q9UBX3,DIC_HUMAN
DB00140,P30043,BLVRB_HUMAN
DB00140,Q969G6,RIFK_HUMAN
DB00140,P06737,PYGL_HUMAN
DB00141,P51606,RENBP_HUMAN
DB00141,P15291,B4GT1_HUMAN
DB00141,O60512,B4GT3_HUMAN
DB00141,O60513,B4GT4_HUMAN
DB00141,O60909,B4GT2_HUMAN
DB00142,P00367,DHE3_HUMAN
DB00142,P39086,GRIK1_HUMAN
DB00142,P42261,GRIA1_HUMAN
DB00142,Q04609,FOLH1_HUMAN
DB00142,Q05329,DCE2_HUMAN
DB00142,Q99259,DCE1_HUMAN
DB00142,O95954,FTCD_HUMAN
DB00142,P42262,GRIA2_HUMAN
DB00142,P42263,GRIA3_HUMAN
DB00142,P48058,GRIA4_HUMAN
DB00142,P54886,P5CS_HUMAN
DB00142,Q13002,GRIK2_HUMAN
DB00142,Q13003,GRIK3_HUMAN
DB00142,Q13255,MGR1_HUMAN
DB00142,Q14833,MGR4_HUMAN
DB00142,Q16099,GRIK4_HUMAN
DB00142,Q16478,GRIK5_HUMAN
DB00142,Q14831,MGR7_HUMAN
DB00142,O00222,MGR8_HUMAN
DB00142,O00341,EAA5_HUMAN
DB00142,O14841,OPLA_HUMAN
DB00142,O15067,PUR4_HUMAN
DB00142,O15382,BCAT2_HUMAN
DB00142,O15399,NMDE4_HUMAN
DB00142,O43424,GRID2_HUMAN
DB00142,O60391,NMD3B_HUMAN
DB00142,O75879,GATB_HUMAN
DB00142,O94925,GLSK_HUMAN
DB00142,P00505,AATM_HUMAN
DB00142,P07814,SYEP_HUMAN
DB00142,P08243,ASNS_HUMAN
DB00142,P15104,GLNA_HUMAN
DB00142,P17174,AATC_HUMAN
DB00142,P17735,ATTY_HUMAN
DB00142,P24298,ALAT1_HUMAN
DB00142,P38435,VKGC_HUMAN
DB00142,P43003,EAA1_HUMAN
DB00142,P43004,EAA2_HUMAN
DB00142,P43005,EAA3_HUMAN
DB00142,P48506,GSH1_HUMAN
DB00142,P48664,EAA4_HUMAN
DB00142,P49448,DHE4_HUMAN
DB00142,P49915,GUAA_HUMAN
DB00142,P54687,BCAT1_HUMAN
DB00142,P80404,GABT_HUMAN
DB00142,Q05586,NMDZ1_HUMAN
DB00142,Q05932,FOLC_HUMAN
DB00142,Q07075,AMPE_HUMAN
DB00142,Q12879,NMDE1_HUMAN
DB00142,Q13224,NMDE2_HUMAN
DB00142,Q14957,NMDE3_HUMAN
DB00142,Q2TU84,Q2TU84_HUMAN
DB00142,Q53FL3,Q53FL3_HUMAN
DB00142,Q5JPH6,SYEM_HUMAN
DB00142,Q5TDP6,GLUD1_HUMAN
DB00142,Q6IA69,NADE1_HUMAN
DB00142,Q6YP21,KAT3_HUMAN
DB00142,Q8N159,NAGS_HUMAN
DB00142,Q8N5Z0,AADAT_HUMAN
DB00142,Q8TCU5,NMD3A_HUMAN
DB00142,Q8TD30,ALAT2_HUMAN
DB00142,Q92820,GGH_HUMAN
DB00142,Q9H1K4,GHC2_HUMAN
DB00142,Q9H936,GHC1_HUMAN
DB00142,Q9UDR5,AASS_HUMAN
DB00142,Q9UI32,GLSL_HUMAN
DB00142,Q9ULA0,DNPEP_HUMAN
DB00142,Q9ULK0,GRID1_HUMAN
DB00142,Q9UPY5,XCT_HUMAN
DB00142,Q9Y5X6,Q9Y5X6_HUMAN
DB00142,Q9Y617,SERC_HUMAN
DB00143,P00390,GSHR_HUMAN
DB00143,P48637,GSHB_HUMAN
DB00143,P09488,GSTM1_HUMAN
DB00143,Q9Y2Q3,GSTK1_HUMAN
DB00143,Q16772,GSTA3_HUMAN
DB00143,P21266,GSTM3_HUMAN
DB00143,O15217,GSTA4_HUMAN
DB00143,Q03013,GSTM4_HUMAN
DB00143,Q7RTV2,GSTA5_HUMAN
DB00143,P09211,GSTP1_HUMAN
DB00143,P78417,GSTO1_HUMAN
DB00143,P07203,GPX1_HUMAN
DB00143,P18283,GPX2_HUMAN
DB00143,O43708,MAAI_HUMAN
DB00143,O75715,GPX5_HUMAN
DB00143,P22352,GPX3_HUMAN
DB00143,Q04760,LGUL_HUMAN
DB00143,Q16873,LTC4S_HUMAN
DB00143,O95881,TXD12_HUMAN
DB00143,P08263,GSTA1_HUMAN
DB00143,P09210,GSTA2_HUMAN
DB00143,P19440,GGT1_HUMAN
DB00143,P28161,GSTM2_HUMAN
DB00143,P35754,GLRX1_HUMAN
DB00143,P36969,GPX4_HUMAN
DB00143,P46439,GSTM5_HUMAN
DB00143,P59796,GPX6_HUMAN
DB00143,Q6NSD4,Q6NSD4_HUMAN
DB00143,Q6PI42,Q6PI42_HUMAN
DB00143,Q8TED1,Q8TED1_HUMAN
DB00143,Q96SL4,GPX7_HUMAN
DB00143,Q99735,MGST2_HUMAN
DB00143,Q9H4Y5,GSTO2_HUMAN
DB00143,Q9NS18,GLRX2_HUMAN
DB00144,Q9Y6T7,DGKB_HUMAN
DB00144,Q9UG56,PISD_HUMAN
DB00144,P17252,KPCA_HUMAN
DB00144,O00443,P3C2A_HUMAN
DB00144,P46100,ATRX_HUMAN
DB00144,P49619,DGKG_HUMAN
DB00144,Q16760,DGKD_HUMAN
DB00144,Q8N3E9,Q8N3E9_HUMAN
DB00144,Q9Y2Q0,AT8A1_HUMAN
DB00145,P48637,GSHB_HUMAN
DB00145,P23415,GLRA1_HUMAN
DB00145,P21549,SPYA_HUMAN
DB00145,P48167,GLRB_HUMAN
DB00145,P34896,GLYC_HUMAN
DB00145,O75311,GLRA3_HUMAN
DB00145,P23416,GLRA2_HUMAN
DB00145,P34897,GLYM_HUMAN
DB00145,O60391,NMD3B_HUMAN
DB00145,P23378,GCSP_HUMAN
DB00145,P48067,SC6A9_HUMAN
DB00145,O75600,KBL_HUMAN
DB00145,P13196,HEM1_HUMAN
DB00145,P22557,HEM0_HUMAN
DB00145,P41250,SYG_HUMAN
DB00145,Q12879,NMDE1_HUMAN
DB00145,Q14032,BAAT_HUMAN
DB00145,Q14330,GPR18_HUMAN
DB00145,Q14957,NMDE3_HUMAN
DB00145,Q53ET4,Q53ET4_HUMAN
DB00145,Q5BJF5,Q5BJF5_HUMAN
DB00145,Q5HYG8,Q5HYG8_HUMAN
DB00145,Q8N1A5,Q8N1A5_HUMAN
DB00145,Q9BYV1,AGT2_HUMAN
DB00145,Q9P0Z9,SOX_HUMAN
DB00145,Q9Y345,SC6A5_HUMAN
DB00146,O15528,CP27B_HUMAN
DB00146,P11473,VDR_HUMAN
DB00147,O00764,PDXK_HUMAN
DB00147,Q96GD0,PLPP_HUMAN
DB00148,P48029,SC6A8_HUMAN
DB00148,P06732,KCRM_HUMAN
DB00148,P12532,KCRU_HUMAN
DB00148,P12277,KCRB_HUMAN
DB00148,P17540,KCRS_HUMAN
DB00149,Q15031,SYLM_HUMAN
DB00149,Q9P2J5,SYLC_HUMAN
DB00149,O15382,BCAT2_HUMAN
DB00149,P54687,BCAT1_HUMAN
DB00150,Q8IWU9,TPH2_HUMAN
DB00150,P23381,SYW_HUMAN
DB00150,P14902,I23O_HUMAN
DB00150,P17752,TPH1_HUMAN
DB00150,P20711,DDC_HUMAN
DB00150,Q9UGM6,SYWM_HUMAN
DB00151,P49589,SYCC_HUMAN
DB00151,P48506,GSH1_HUMAN
DB00151,Q16857,Q16857_HUMAN
DB00151,P17174,AATC_HUMAN
DB00151,P35520,CBS_HUMAN
DB00151,Q16878,CDO1_HUMAN
DB00151,P16455,MGMT_HUMAN
DB00151,P48637,GSHB_HUMAN
DB00151,Q9BZV2,S19A3_HUMAN
DB00151,Q9HA77,SYCM_HUMAN
DB00151,Q9Y600,CSAD_HUMAN
DB00151,Q9Y697,NFS1_HUMAN
DB00152,Q9H3S4,TPK1_HUMAN
DB00152,Q9BZV2,S19A3_HUMAN
DB00153,O15528,CP27B_HUMAN
DB00153,P11473,VDR_HUMAN
DB00153,Q6VVX0,CP2R1_HUMAN
DB00154,P35354,PGH2_HUMAN
DB00154,P23219,PGH1_HUMAN
DB00154,O15540,FABPB_HUMAN
DB00155,P29474,NOS3_HUMAN
DB00155,P00966,ASSY_HUMAN
DB00155,Q5T6L4,Q5T6L4_HUMAN
DB00155,P81272,NOS2B_HUMAN
DB00155,P00480,OTC_HUMAN
DB00155,P29475,NOS1_HUMAN
DB00155,P35228,NOS2A_HUMAN
DB00155,Q9UM07,PADI4_HUMAN
DB00155,Q14961,NOS2C_HUMAN
DB00155,Q6TGC4,PADI6_HUMAN
DB00155,Q9ULC6,PADI1_HUMAN
DB00155,Q9ULW8,PADI3_HUMAN
DB00155,Q9Y2J8,PADI2_HUMAN
DB00156,Q8IYQ7,THNSL_HUMAN
DB00156,P26639,SYTC_HUMAN
DB00156,Q9BW92,SYTM_HUMAN
DB00157,P07327,ADH1A_HUMAN
DB00157,Q00796,DHSO_HUMAN
DB00157,P08319,ADH4_HUMAN
DB00157,P00326,ADH1G_HUMAN
DB00157,P00325,ADH1B_HUMAN
DB00157,P40394,ADH7_HUMAN
DB00157,P21695,GPDA_HUMAN
DB00157,Q6ZMR3,LDH6A_HUMAN
DB00157,P11766,ADHX_HUMAN
DB00157,P15121,ALDR_HUMAN
DB00157,Q99714,HCD2_HUMAN
DB00157,P40926,MDHM_HUMAN
DB00157,P00338,LDHA_HUMAN
DB00157,P23368,MAOM_HUMAN
DB00157,P51659,DHB4_HUMAN
DB00157,Q9BYZ2,LDH6B_HUMAN
DB00157,P07864,LDHC_HUMAN
DB00157,P07195,LDHB_HUMAN
DB00157,Q08426,ECHP_HUMAN
DB00157,Q16836,HCDH_HUMAN
DB00157,Q16798,MAON_HUMAN
DB00157,Q02338,BDH_HUMAN
DB00157,P40925,MDHC_HUMAN
DB00157,P31937,3HIDH_HUMAN
DB00157,P37058,DHB3_HUMAN
DB00157,P04035,HMDH_HUMAN
DB00157,P48163,MAOX_HUMAN
DB00157,O43175,SERA_HUMAN
DB00157,P56937,DHB7_HUMAN
DB00157,P51553,IDH3G_HUMAN
DB00157,O43837,IDH3B_HUMAN
DB00157,P50213,IDH3A_HUMAN
DB00157,P14061,DHB1_HUMAN
DB00157,P37059,DHB2_HUMAN
DB00157,Q92781,RDH1_HUMAN
DB00157,O95479,G6PE_HUMAN
DB00157,Q92506,DHB8_HUMAN
DB00157,P17516,AK1C4_HUMAN
DB00157,P12268,IMDH2_HUMAN
DB00157,P42330,AK1C3_HUMAN
DB00157,P15428,PGDH_HUMAN
DB00157,Q13630,FCL_HUMAN
DB00157,Q04828,AK1C1_HUMAN
DB00157,P28845,DHI1_HUMAN
DB00157,P26439,3BHS2_HUMAN
DB00157,P14060,3BHS1_HUMAN
DB00157,P20839,IMDH1_HUMAN
DB00157,P40939,ECHA_HUMAN
DB00157,P05091,ALDH2_HUMAN
DB00157,P80365,DHI2_HUMAN
DB00157,P52895,AK1C2_HUMAN
DB00157,Q15738,NSDHL_HUMAN
DB00157,P48448,AL3B2_HUMAN
DB00157,Q02252,MMSA_HUMAN
DB00157,P30838,AL3A1_HUMAN
DB00157,P00352,AL1A1_HUMAN
DB00157,O14556,G3PT_HUMAN
DB00157,P49189,AL9A1_HUMAN
DB00157,P47895,AL1A3_HUMAN
DB00157,P30837,AL1B1_HUMAN
DB00157,P43353,AL3B1_HUMAN
DB00157,P04406,G3P_HUMAN
DB00157,O94788,AL1A2_HUMAN
DB00157,P51648,AL3A2_HUMAN
DB00157,P51649,SSDH_HUMAN
DB00157,P49419,AL7A1_HUMAN
DB00157,P30043,BLVRB_HUMAN
DB00157,Q96C36,P5CR2_HUMAN
DB00157,P32322,P5CR1_HUMAN
DB00157,P00367,DHE3_HUMAN
DB00157,P29803,ODPAT_HUMAN
DB00157,P08559,ODPA_HUMAN
DB00157,P53004,BIEA_HUMAN
DB00157,P16219,ACADS_HUMAN
DB00157,P00374,DYR_HUMAN
DB00157,Q02218,ODO1_HUMAN
DB00157,P49448,DHE4_HUMAN
DB00157,P16083,NQO2_HUMAN
DB00157,P03891,NU2M_HUMAN
DB00157,Q9UDR5,AASS_HUMAN
DB00157,P03897,NU3M_HUMAN
DB00157,O75251,NDUS7_HUMAN
DB00157,P11586,C1TC_HUMAN
DB00157,P13995,MTDC_HUMAN
DB00157,P30038,AL4A1_HUMAN
DB00157,P00387,NCB5R_HUMAN
DB00157,P03905,NU4M_HUMAN
DB00157,P09417,DHPR_HUMAN
DB00157,Q13423,NNTM_HUMAN
DB00157,Q16718,NDUA5_HUMAN
DB00157,Q16795,NDUA9_HUMAN
DB00157,P03901,NU4LM_HUMAN
DB00157,O95299,NDUAA_HUMAN
DB00157,O95182,NDUA7_HUMAN
DB00157,P03923,NU6M_HUMAN
DB00157,P03915,NU5M_HUMAN
DB00157,P56556,NDUA6_HUMAN
DB00157,O14561,ACPM_HUMAN
DB00157,O95169,NDUB8_HUMAN
DB00157,O95298,NDUC2_HUMAN
DB00157,P28331,NDUS1_HUMAN
DB00157,O95168,NDUB4_HUMAN
DB00157,P17568,NDUB7_HUMAN
DB00157,Q9Y6M9,NDUB9_HUMAN
DB00157,O75306,NDUS2_HUMAN
DB00157,P09622,DLDH_HUMAN
DB00157,O75489,NDUS3_HUMAN
DB00157,P00390,GSHR_HUMAN
DB00157,Q9UI09,NDUAC_HUMAN
DB00157,O43181,NDUS4_HUMAN
DB00157,P49821,NDUV1_HUMAN
DB00157,P19404,NDUV2_HUMAN
DB00157,Q16878,CDO1_HUMAN
DB00157,Q9NRX3,NUA4L_HUMAN
DB00157,O00217,NDUS8_HUMAN
DB00157,Q02928,CP4AB_HUMAN
DB00157,P10515,ODP2_HUMAN
DB00157,P48728,GCST_HUMAN
DB00157,Q15800,ERG25_HUMAN
DB00157,P09601,HMOX1_HUMAN
DB00157,P30519,HMOX2_HUMAN
DB00157,P05093,CP17A_HUMAN
DB00157,P14679,TYRO_HUMAN
DB00158,Q92820,GGH_HUMAN
DB00158,Q9H2D1,MFTC_HUMAN
DB00158,Q96NT5,HCP1_HUMAN
DB00159,P35354,PGH2_HUMAN
DB00159,P23219,PGH1_HUMAN
DB00159,O14842,FFAR1_HUMAN
DB00159,O15540,FABPB_HUMAN
DB00159,O60427,O60427_HUMAN
DB00159,O60488,ACSL4_HUMAN
DB00159,O95573,ACSL3_HUMAN
DB00159,P32418,NAC1_HUMAN
DB00159,P37231,PPARG_HUMAN
DB00159,Q03181,PPARD_HUMAN
DB00159,Q8NER1,TRPV1_HUMAN
DB00160,P21549,SPYA_HUMAN
DB00160,P24298,ALAT1_HUMAN
DB00160,Q9Y697,NFS1_HUMAN
DB00160,Q9UHI5,LAT2_HUMAN
DB00160,Q9BYV1,AGT2_HUMAN
DB00160,P43007,SATT_HUMAN
DB00160,P80404,GABT_HUMAN
DB00160,Q16719,KYNU_HUMAN
DB00160,Q5JTZ9,SYAM_HUMAN
DB00160,Q8IUZ5,AT2L2_HUMAN
DB00160,Q8TD30,ALAT2_HUMAN
DB00161,P05166,PCCB_HUMAN
DB00161,P54687,BCAT1_HUMAN
DB00161,P26640,SYV_HUMAN
DB00162,Q96NR8,RDH12_HUMAN
DB00162,P09455,RET1_HUMAN
DB00162,Q92781,RDH1_HUMAN
DB00162,Q8NBN7,RDH13_HUMAN
DB00162,P10745,IRBP_HUMAN
DB00162,P82980,RET5_HUMAN
DB00162,Q96R05,RET7_HUMAN
DB00162,P02753,RETBP_HUMAN
DB00162,P50120,RET2_HUMAN
DB00162,O94788,AL1A2_HUMAN
DB00162,P00352,AL1A1_HUMAN
DB00162,P12271,CRAL_HUMAN
DB00162,O75911,DHRS3_HUMAN
DB00162,P47895,AL1A3_HUMAN
DB00162,Q6NUM9,RETST_HUMAN
DB00162,Q8TC12,RDH11_HUMAN
DB00162,Q9BTZ2,DHRS4_HUMAN
DB00162,Q9HBH5,RDH14_HUMAN
DB00162,Q9NYR8,Q9NYR8_HUMAN
DB00163,Q9UDX3,S14L4_HUMAN
DB00163,Q9UDX4,S14L3_HUMAN
DB00163,O76054,S14L2_HUMAN
DB00163,O75469,PXR_HUMAN
DB00163,P05771,KPCB_HUMAN
DB00163,P09917,LOX5_HUMAN
DB00163,P17252,KPCA_HUMAN
DB00163,P23743,DGKA_HUMAN
DB00163,P62714,PP2AB_HUMAN
DB00163,P67775,PP2AA_HUMAN
DB00163,P49638,TTPA_HUMAN
DB00165,Q96GD0,PLPP_HUMAN
DB00165,O00764,PDXK_HUMAN
DB00165,P35520,CBS_HUMAN
DB00165,Q9Y617,SERC_HUMAN
DB00165,P02768,ALBU_HUMAN
DB00165,P49419,AL7A1_HUMAN
DB00166,Q9Y234,LIPB_HUMAN
DB00166,Q9Y289,SC5A6_HUMAN
DB00166,O43766,LIAS_HUMAN
DB00167,Q5TCD1,Q5TCD1_HUMAN
DB00167,P45954,ACDSB_HUMAN
DB00167,P54687,BCAT1_HUMAN
DB00167,O15382,BCAT2_HUMAN
DB00167,P41252,SYIC_HUMAN
DB00167,Q9NSE4,SYIM_HUMAN
DB00168,Q8TE23,TS1R2_HUMAN
DB00168,Q7RTX0,TS1R3_HUMAN
DB00168,Q8NER1,TRPV1_HUMAN
DB00169,Q02318,CP27A_HUMAN
DB00169,Q6VVX0,CP2R1_HUMAN
DB00169,P02774,VTDB_HUMAN
DB00170,P22891,PROZ_HUMAN
DB00170,P00734,THRB_HUMAN
DB00170,P00740,FA9_HUMAN
DB00170,P08709,FA7_HUMAN
DB00170,P00742,FA10_HUMAN
DB00170,P38435,VKGC_HUMAN
DB00170,P04070,PROC_HUMAN
DB00170,P07225,PROS_HUMAN
DB00170,P15559,NQO1_HUMAN
DB00170,P16083,NQO2_HUMAN
DB00171,P42684,ABL2_HUMAN
DB00171,O95477,ABCA1_HUMAN
DB00171,Q9NR19,ACSA_HUMAN
DB00171,Q9UM73,ALK_HUMAN
DB00171,O43931,AFG31_HUMAN
DB00171,Q13564,ULA1_HUMAN
DB00171,Q13131,AAPK1_HUMAN
DB00171,P10398,ARAF_HUMAN
DB00171,P37023,ACVL1_HUMAN
DB00171,P33121,ACSL1_HUMAN
DB00171,O43681,ARSA1_HUMAN
DB00171,O60706,ABCC9_HUMAN
DB00171,P31749,AKT1_HUMAN
DB00171,P25098,ARBK1_HUMAN
DB00171,O14727,APAF_HUMAN
DB00171,Q9NUB1,ACS2L_HUMAN
DB00171,P36896,ACV1B_HUMAN
DB00171,Q04771,ACVR1_HUMAN
DB00171,O95342,ABCBB_HUMAN
DB00171,P08243,ASNS_HUMAN
DB00171,Q96Q40,AL2S7_HUMAN
DB00171,P12235,ADT1_HUMAN
DB00171,Q09428,ABCC8_HUMAN
DB00171,P00966,ASSY_HUMAN
DB00171,Q9Y4W6,AFG32_HUMAN
DB00171,P35626,ARBK2_HUMAN
DB00171,Q16671,AMHR2_HUMAN
DB00171,Q07912,ACK1_HUMAN
DB00171,P00519,ABL1_HUMAN
DB00171,Q08828,ADCY1_HUMAN
DB00171,P08183,MDR1_HUMAN
DB00171,P45844,ABCG1_HUMAN
DB00171,Q92887,MRP2_HUMAN
DB00172,P32322,P5CR1_HUMAN
DB00172,P07814,SYEP_HUMAN
DB00172,Q9UN76,S6A14_HUMAN
DB00172,Q99884,SC6A7_HUMAN
DB00172,Q96C36,P5CR2_HUMAN
DB00172,O15460,P4HA2_HUMAN
DB00172,O43272,PROD_HUMAN
DB00172,P13674,P4HA1_HUMAN
DB00172,Q32P28,P3H1_HUMAN
DB00172,Q4W8W1,Q4W8W1_HUMAN
DB00172,Q7L3T8,SYPM_HUMAN
DB00172,Q8IVL5,P3H2_HUMAN
DB00172,Q8IVL6,P3H3_HUMAN
DB00172,Q8N3N9,Q8N3N9_HUMAN
DB00172,Q96HX4,Q96HX4_HUMAN
DB00173,P07741,APT_HUMAN
DB00173,Q9BY49,PECR_HUMAN
DB00174,Q15758,AAAT_HUMAN
DB00174,P08243,ASNS_HUMAN
DB00174,O43776,SYNC_HUMAN
DB00174,Q7L266,Q7L266_HUMAN
DB00174,Q96I59,SYNM_HUMAN
DB00175,Q92887,MRP2_HUMAN
DB00175,P04035,HMDH_HUMAN
DB00175,P53609,PGT1_HUMAN
DB00175,P63000,RAC1_HUMAN
DB00175,Q9Y6L6,SO1B1_HUMAN
DB00176,P31645,SC6A4_HUMAN
DB00176,P08908,5HT1A_HUMAN
DB00176,P28223,5HT2A_HUMAN
DB00177,P30556,AGTR1_HUMAN
DB00178,P22966,ACET_HUMAN
DB00178,P12821,ACE_HUMAN
DB00179,P16050,LOX15_HUMAN
DB00179,P09917,LOX5_HUMAN
DB00180,P08185,CBG_HUMAN
DB00180,P47712,PA24A_HUMAN
DB00180,P04150,GCR_HUMAN
DB00181,Q9UBS5,GABR1_HUMAN
DB00181,O75899,GABR2_HUMAN
DB00182,P35348,ADA1A_HUMAN
DB00182,P08913,ADA2A_HUMAN
DB00182,Q01959,SC6A3_HUMAN
DB00182,Q96RJ0,TAAR1_HUMAN
DB00183,P32239,GASR_HUMAN
DB00184,Q15822,ACHA2_HUMAN
DB00184,Q14416,MGR2_HUMAN
DB00184,P17787,ACHB2_HUMAN
DB00184,P36544,ACHA7_HUMAN
DB00184,P43681,ACHA4_HUMAN
DB00184,Q14832,MGR3_HUMAN
DB00184,Q9GZZ6,ACH10_HUMAN
DB00184,Q9UGM1,ACHA9_HUMAN
DB00185,P11229,ACM1_HUMAN
DB00185,P20309,ACM3_HUMAN
DB00186,P14867,GBRA1_HUMAN
DB00186,P18505,GBRB1_HUMAN
DB00186,P28472,GBRB3_HUMAN
DB00186,P31644,GBRA5_HUMAN
DB00186,P34903,GBRA3_HUMAN
DB00186,P47869,GBRA2_HUMAN
DB00186,P47870,GBRB2_HUMAN
DB00186,P48169,GBRA4_HUMAN
DB00186,Q16445,GBRA6_HUMAN
DB00187,P08588,ADRB1_HUMAN
DB00188,Q13200,PSMD2_HUMAN
DB00188,Q99460,PSMD1_HUMAN
DB00188,P20618,PSB1_HUMAN
DB00188,P28074,PSB5_HUMAN
DB00188,P49721,PSB2_HUMAN
DB00189,P14867,GBRA1_HUMAN
DB00189,P18505,GBRB1_HUMAN
DB00189,P28472,GBRB3_HUMAN
DB00189,P31644,GBRA5_HUMAN
DB00189,P34903,GBRA3_HUMAN
DB00189,P47869,GBRA2_HUMAN
DB00189,P47870,GBRB2_HUMAN
DB00189,P48169,GBRA4_HUMAN
DB00189,Q16445,GBRA6_HUMAN
DB00190,P20711,DDC_HUMAN
DB00191,P23975,SC6A2_HUMAN
DB00191,Q01959,SC6A3_HUMAN
DB00191,P21397,AOFA_HUMAN
DB00191,P27338,AOFB_HUMAN
DB00191,P31645,SC6A4_HUMAN
DB00192,Q14524,SCN5A_HUMAN
DB00193,P35372,OPRM_HUMAN
DB00193,P23975,SC6A2_HUMAN
DB00193,P28335,5HT2C_HUMAN
DB00193,P41145,OPRK_HUMAN
DB00193,P31645,SC6A4_HUMAN
DB00195,P08588,ADRB1_HUMAN
DB00196,Q16850,CP51A_HUMAN
DB00197,P37231,PPARG_HUMAN
DB00197,O60488,ACSL4_HUMAN
DB00197,P05121,PAI1_HUMAN
DB00197,Q99808,S29A1_HUMAN
DB00200,P20062,TCO2_HUMAN
DB00200,Q8IVH4,MMAA_HUMAN
DB00200,P20061,TCO1_HUMAN
DB00200,P22033,MUTA_HUMAN
DB00200,Q9UBK8,MTRR_HUMAN
DB00200,Q99707,METH_HUMAN
DB00200,O60494,CUBN_HUMAN
DB00201,P30542,AA1R_HUMAN
DB00201,Q07343,PDE4B_HUMAN
DB00201,P29274,AA2AR_HUMAN
DB00202,P11229,ACM1_HUMAN
DB00203,O76074,PDE5A_HUMAN
DB00203,O00408,PDE2A_HUMAN
DB00204,O95069,KCNK2_HUMAN
DB00204,Q12809,KCNH2_HUMAN
DB00204,Q14500,IRK12_HUMAN
DB00205,P00374,DYR_HUMAN
DB00206,Q05940,VMAT2_HUMAN
DB00208,Q9H244,P2Y12_HUMAN
DB00209,P11229,ACM1_HUMAN
DB00210,P10276,RARA_HUMAN
DB00210,P22932,RARG2_HUMAN
DB00210,P28702,RXRB_HUMAN
DB00210,P13631,RARG1_HUMAN
DB00210,P10826,RARB_HUMAN
DB00210,P48443,RXRG_HUMAN
DB00210,P19793,RXRA_HUMAN
DB00211,P35348,ADA1A_HUMAN
DB00211,P35368,ADA1B_HUMAN
DB00212,P00797,RENI_HUMAN
DB00213,P05023,AT1A1_HUMAN
DB00213,P54707,AT12A_HUMAN
DB00213,P20648,ATP4A_HUMAN
DB00214,Q13621,S12A1_HUMAN
DB00215,P31645,SC6A4_HUMAN
DB00216,P28221,5HT1D_HUMAN
DB00216,P34969,5HT7R_HUMAN
DB00216,P08908,5HT1A_HUMAN
DB00216,P28566,5HT1E_HUMAN
DB00216,P41595,5HT2B_HUMAN
DB00216,P30939,5HT1F_HUMAN
DB00216,P28222,5HT1B_HUMAN
DB00217,P35348,ADA1A_HUMAN
DB00217,P18825,ADA2C_HUMAN
DB00217,P23975,SC6A2_HUMAN
DB00217,P25100,ADA1D_HUMAN
DB00217,P08913,ADA2A_HUMAN
DB00217,P18089,ADA2B_HUMAN
DB00217,P35368,ADA1B_HUMAN
DB00218,P11388,TOP2A_HUMAN
DB00219,P11229,ACM1_HUMAN
DB00221,P08588,ADRB1_HUMAN
DB00222,P48048,IRK1_HUMAN
DB00222,Q14654,IRK11_HUMAN
DB00223,P04083,ANXA1_HUMAN
DB00226,P35348,ADA1A_HUMAN
DB00226,P18825,ADA2C_HUMAN
DB00226,P23975,SC6A2_HUMAN
DB00226,P25100,ADA1D_HUMAN
DB00226,P08913,ADA2A_HUMAN
DB00226,P18089,ADA2B_HUMAN
DB00226,P35368,ADA1B_HUMAN
DB00227,P04035,HMDH_HUMAN
DB00228,P98194,AT2C1_HUMAN
DB00228,P23415,GLRA1_HUMAN
DB00228,P42261,GRIA1_HUMAN
DB00228,P14867,GBRA1_HUMAN
DB00228,Q09470,KCNA1_HUMAN
DB00228,P30049,ATPD_HUMAN
DB00228,Q12791,KCMA1_HUMAN
DB00230,O00555,CAC1A_HUMAN
DB00232,Q13621,S12A1_HUMAN
DB00232,P05023,AT1A1_HUMAN
DB00232,P22748,CAH4_HUMAN
DB00232,Q12791,KCMA1_HUMAN
DB00232,P00918,CAH2_HUMAN
DB00232,P00915,CAH1_HUMAN
DB00234,P23975,SC6A2_HUMAN
DB00235,Q14432,PDE3A_HUMAN
DB00235,P27815,PDE4A_HUMAN
DB00237,P14867,GBRA1_HUMAN
DB00240,P08185,CBG_HUMAN
DB00240,P04083,ANXA1_HUMAN
DB00241,P14867,GBRA1_HUMAN
DB00242,P00491,PNPH_HUMAN
DB00242,P00813,ADA_HUMAN
DB00243,P08183,MDR1_HUMAN
DB00244,P23219,PGH1_HUMAN
DB00244,P35354,PGH2_HUMAN
DB00245,P11229,ACM1_HUMAN
DB00245,Q01959,SC6A3_HUMAN
DB00246,P35348,ADA1A_HUMAN
DB00246,P14416,DRD2_HUMAN
DB00246,P28335,5HT2C_HUMAN
DB00246,P35462,DRD3_HUMAN
DB00246,P08908,5HT1A_HUMAN
DB00246,P28221,5HT1D_HUMAN
DB00246,P35367,HRH1_HUMAN
DB00246,P28223,5HT2A_HUMAN
DB00246,P21917,DRD4_HUMAN
DB00246,P34969,5HT7R_HUMAN
DB00246,P08588,ADRB1_HUMAN
DB00247,P28223,5HT2A_HUMAN
DB00247,P08908,5HT1A_HUMAN
DB00247,P34969,5HT7R_HUMAN
DB00247,P28335,5HT2C_HUMAN
DB00248,P14416,DRD2_HUMAN
DB00250,P00374,DYR_HUMAN
DB00251,Q16850,CP51A_HUMAN
DB00252,Q14524,SCN5A_HUMAN
DB00252,P35498,SCN1A_HUMAN
DB00253,P47712,PA24A_HUMAN
DB00253,P08185,CBG_HUMAN
DB00255,P03372,ESR1_HUMAN
DB00255,P62508,ERR3_HUMAN
DB00255,P02766,TTHY_HUMAN
DB00257,O15554,KCNN4_HUMAN
DB00261,Q14432,PDE3A_HUMAN
DB00262,P00390,GSHR_HUMAN
DB00264,P08588,ADRB1_HUMAN
DB00266,P15559,NQO1_HUMAN
DB00266,Q08257,QOR_HUMAN
DB00268,P14416,DRD2_HUMAN
DB00268,P35462,DRD3_HUMAN
DB00268,P21917,DRD4_HUMAN
DB00269,P03372,ESR1_HUMAN
DB00270,Q13936,CAC1C_HUMAN
DB00272,P25021,HRH2_HUMAN
DB00273,P14867,GBRA1_HUMAN
DB00273,P35498,SCN1A_HUMAN
DB00273,P00918,CAH2_HUMAN
DB00273,P22748,CAH4_HUMAN
DB00273,P39086,GRIK1_HUMAN
DB00275,P30556,AGTR1_HUMAN
DB00276,P11388,TOP2A_HUMAN
DB00276,Q12809,KCNH2_HUMAN
DB00277,Q14432,PDE3A_HUMAN
DB00277,Q07343,PDE4B_HUMAN
DB00277,P29275,AA2BR_HUMAN
DB00277,P27815,PDE4A_HUMAN
DB00277,O76074,PDE5A_HUMAN
DB00277,P30542,AA1R_HUMAN
DB00277,P29274,AA2AR_HUMAN
DB00278,P00734,THRB_HUMAN
DB00279,P10828,THB1_HUMAN
DB00279,P10827,THA_HUMAN
DB00279,P05543,THBG_HUMAN
DB00279,P02766,TTHY_HUMAN
DB00279,P02768,ALBU_HUMAN
DB00279,P37243,THB2_HUMAN
DB00280,Q14524,SCN5A_HUMAN
DB00280,P02763,A1AG1_HUMAN
DB00281,Q14524,SCN5A_HUMAN
DB00281,Q9Y5Y9,SC10A_HUMAN
DB00281,P00533,EGFR_HUMAN
DB00281,Q15858,SCN9A_HUMAN
DB00283,P35367,HRH1_HUMAN
DB00284,O43451,MGA_HUMAN
DB00284,P10253,LYAG_HUMAN
DB00284,P14410,SUIS_HUMAN
DB00284,P04746,AMYP_HUMAN
DB00285,P31645,SC6A4_HUMAN
DB00285,P23975,SC6A2_HUMAN
DB00285,P08908,5HT1A_HUMAN
DB00285,P28222,5HT1B_HUMAN
DB00285,P28223,5HT2A_HUMAN
DB00286,P03372,ESR1_HUMAN
DB00287,P43088,PF2R_HUMAN
DB00288,P04150,GCR_HUMAN
DB00288,P04083,ANXA1_HUMAN
DB00289,P23975,SC6A2_HUMAN
DB00290,P49916,DNL3_HUMAN
DB00290,P18858,DNL1_HUMAN
DB00292,P14867,GBRA1_HUMAN
DB00292,P11166,GTR1_HUMAN
DB00293,P04818,TYSY_HUMAN
DB00294,P03372,ESR1_HUMAN
DB00294,P06401,PRGR_HUMAN
DB00295,P35372,OPRM_HUMAN
DB00295,P41143,OPRD_HUMAN
DB00295,P41145,OPRK_HUMAN
DB00296,Q9Y5Y9,SC10A_HUMAN
DB00297,Q9Y5Y9,SC10A_HUMAN
DB00297,P34995,PE2R1_HUMAN
DB00298,P35348,ADA1A_HUMAN
DB00298,P25100,ADA1D_HUMAN
DB00298,P35368,ADA1B_HUMAN
DB00302,P00747,PLMN_HUMAN
DB00302,P00750,TPA_HUMAN
DB00304,P06401,PRGR_HUMAN
DB00304,P03372,ESR1_HUMAN
DB00306,P14867,GBRA1_HUMAN
DB00307,P28702,RXRB_HUMAN
DB00308,Q9H252,KCNH6_HUMAN
DB00308,Q02641,CACB1_HUMAN
DB00308,Q06432,CCG1_HUMAN
DB00308,Q12809,KCNH2_HUMAN
DB00308,Q13936,CAC1C_HUMAN
DB00308,O00180,KCNK1_HUMAN
DB00308,Q9Y257,KCNK6_HUMAN
DB00308,Q14654,IRK11_HUMAN
DB00308,Q9NS40,KCNH7_HUMAN
DB00309,Q9H4B7,TBB1_HUMAN
DB00310,Q13621,S12A1_HUMAN
DB00311,P00915,CAH1_HUMAN
DB00312,P14867,GBRA1_HUMAN
DB00313,P80404,GABT_HUMAN
DB00313,P45954,ACDSB_HUMAN
DB00315,P28221,5HT1D_HUMAN
DB00315,P28222,5HT1B_HUMAN
DB00315,P30939,5HT1F_HUMAN
DB00315,Q13639,5HT4R_HUMAN
DB00316,P23219,PGH1_HUMAN
DB00316,P35354,PGH2_HUMAN
DB00317,P00533,EGFR_HUMAN
DB00318,P35372,OPRM_HUMAN
DB00318,P41143,OPRD_HUMAN
DB00318,P41145,OPRK_HUMAN
DB00320,P28221,5HT1D_HUMAN
DB00320,P28222,5HT1B_HUMAN
DB00320,P28223,5HT2A_HUMAN
DB00321,P31645,SC6A4_HUMAN
DB00321,P23975,SC6A2_HUMAN
DB00321,O43526,KCNQ2_HUMAN
DB00321,P08913,ADA2A_HUMAN
DB00322,P04818,TYSY_HUMAN
DB00323,P21964,COMT_HUMAN
DB00324,P47712,PA24A_HUMAN
DB00324,P08185,CBG_HUMAN
DB00325,P16066,ANPRA_HUMAN
DB00327,P35372,OPRM_HUMAN
DB00327,P41143,OPRD_HUMAN
DB00327,P41145,OPRK_HUMAN
DB00328,P23219,PGH1_HUMAN
DB00328,P35354,PGH2_HUMAN
DB00331,Q9Y478,AAKB1_HUMAN
DB00332,P11229,ACM1_HUMAN
DB00332,P08172,ACM2_HUMAN
DB00333,Q8TCU5,NMD3A_HUMAN
DB00333,P35372,OPRM_HUMAN
DB00333,Q9GZZ6,ACH10_HUMAN
DB00334,P08912,ACM5_HUMAN
DB00334,P21728,DRD1_HUMAN
DB00334,P11229,ACM1_HUMAN
DB00334,P20309,ACM3_HUMAN
DB00334,P28223,5HT2A_HUMAN
DB00334,P21917,DRD4_HUMAN
DB00334,P35367,HRH1_HUMAN
DB00334,P08173,ACM4_HUMAN
DB00334,P08172,ACM2_HUMAN
DB00334,P14416,DRD2_HUMAN
DB00334,P28335,5HT2C_HUMAN
DB00334,P35462,DRD3_HUMAN
DB00334,P35368,ADA1B_HUMAN
DB00335,P08588,ADRB1_HUMAN
DB00337,P63098,CANB1_HUMAN
DB00338,P20648,ATP4A_HUMAN
DB00339,P49327,FAS_HUMAN
DB00340,P08172,ACM2_HUMAN
DB00340,P11229,ACM1_HUMAN
DB00340,P08173,ACM4_HUMAN
DB00340,P08912,ACM5_HUMAN
DB00340,P20309,ACM3_HUMAN
DB00341,P35367,HRH1_HUMAN
DB00342,P35367,HRH1_HUMAN
DB00342,Q12809,KCNH2_HUMAN
DB00343,Q06432,CCG1_HUMAN
DB00344,P23975,SC6A2_HUMAN
DB00344,P31645,SC6A4_HUMAN
DB00346,P35348,ADA1A_HUMAN
DB00346,P35368,ADA1B_HUMAN
DB00346,P25100,ADA1D_HUMAN
DB00347,O43497,CAC1G_HUMAN
DB00348,P32754,HPPD_HUMAN
DB00349,P14867,GBRA1_HUMAN
DB00350,P48048,IRK1_HUMAN
DB00350,P23219,PGH1_HUMAN
DB00350,Q02809,PLOD1_HUMAN
DB00351,P06401,PRGR_HUMAN
DB00351,P03372,ESR1_HUMAN
DB00352,P00492,HPRT_HUMAN
DB00352,P20839,IMDH1_HUMAN
DB00352,Q06203,PUR1_HUMAN
DB00353,P21728,DRD1_HUMAN
DB00354,P35367,HRH1_HUMAN
DB00354,P11229,ACM1_HUMAN
DB00356,Q12791,KCMA1_HUMAN
DB00357,P11511,CP19A_HUMAN
DB00358,P69905,HBA_HUMAN
DB00360,P00439,PH4H_HUMAN
DB00360,P29474,NOS3_HUMAN
DB00360,P07101,TY3H_HUMAN
DB00360,P17752,TPH1_HUMAN
DB00361,P07437,TBB2_HUMAN
DB00363,P21917,DRD4_HUMAN
DB00363,P35367,HRH1_HUMAN
DB00363,P14416,DRD2_HUMAN
DB00363,Q9NYX4,D1IP_HUMAN
DB00363,Q9H3N8,HRH4_HUMAN
DB00363,P28223,5HT2A_HUMAN
DB00363,P08908,5HT1A_HUMAN
DB00363,P28335,5HT2C_HUMAN
DB00363,P21728,DRD1_HUMAN
DB00364,P02768,ALBU_HUMAN
DB00366,P35367,HRH1_HUMAN
DB00366,P11229,ACM1_HUMAN
DB00367,P06401,PRGR_HUMAN
DB00367,P03372,ESR1_HUMAN
DB00368,P00439,PH4H_HUMAN
DB00368,P23975,SC6A2_HUMAN
DB00368,P35348,ADA1A_HUMAN
DB00368,P35368,ADA1B_HUMAN
DB00368,P25100,ADA1D_HUMAN
DB00368,P08913,ADA2A_HUMAN
DB00368,P18089,ADA2B_HUMAN
DB00368,P18825,ADA2C_HUMAN
DB00368,P08588,ADRB1_HUMAN
DB00368,P07550,ADRB2_HUMAN
DB00368,P13945,ADRB3_HUMAN
DB00370,P28223,5HT2A_HUMAN
DB00370,P46098,5HT3R_HUMAN
DB00370,P08913,ADA2A_HUMAN
DB00370,P28335,5HT2C_HUMAN
DB00370,P08908,5HT1A_HUMAN
DB00370,P41145,OPRK_HUMAN
DB00370,P35367,HRH1_HUMAN
DB00371,P14867,GBRA1_HUMAN
DB00371,P47869,GBRA2_HUMAN
DB00371,P34903,GBRA3_HUMAN
DB00371,P48169,GBRA4_HUMAN
DB00371,P31644,GBRA5_HUMAN
DB00371,Q16445,GBRA6_HUMAN
DB00372,P08912,ACM5_HUMAN
DB00372,P21728,DRD1_HUMAN
DB00372,P11229,ACM1_HUMAN
DB00372,P20309,ACM3_HUMAN
DB00372,P28223,5HT2A_HUMAN
DB00372,P21917,DRD4_HUMAN
DB00372,P35367,HRH1_HUMAN
DB00372,P08173,ACM4_HUMAN
DB00372,P08172,ACM2_HUMAN
DB00372,P14416,DRD2_HUMAN
DB00372,P28335,5HT2C_HUMAN
DB00373,P08588,ADRB1_HUMAN
DB00373,P07550,ADRB2_HUMAN
DB00374,P55773,CCL23_HUMAN
DB00374,Q9H244,P2Y12_HUMAN
DB00374,Q03181,PPARD_HUMAN
DB00376,P11229,ACM1_HUMAN
DB00377,P46098,5HT3R_HUMAN
DB00378,P06401,PRGR_HUMAN
DB00379,Q14524,SCN5A_HUMAN
DB00380,P11388,TOP2A_HUMAN
DB00381,P00915,CAH1_HUMAN
DB00381,Q06432,CCG1_HUMAN
DB00381,Q00975,CAC1B_HUMAN
DB00382,P22303,ACES_HUMAN
DB00383,P11229,ACM1_HUMAN
DB00383,P08172,ACM2_HUMAN
DB00383,P20309,ACM3_HUMAN
DB00384,P51170,SCNNG_HUMAN
DB00384,P37088,SCNNA_HUMAN
DB00384,P51168,SCNNB_HUMAN
DB00384,P51172,SCNND_HUMAN
DB00385,P11388,TOP2A_HUMAN
DB00387,P11229,ACM1_HUMAN
DB00387,P08172,ACM2_HUMAN
DB00387,P08173,ACM4_HUMAN
DB00388,P35348,ADA1A_HUMAN
DB00388,P35368,ADA1B_HUMAN
DB00389,P07202,PERT_HUMAN
DB00390,P05023,AT1A1_HUMAN
DB00390,Q9Y6L6,SO1B1_HUMAN
DB00391,P14416,DRD2_HUMAN
DB00392,Q8TCU5,NMD3A_HUMAN
DB00392,P11229,ACM1_HUMAN
DB00393,Q06432,CCG1_HUMAN
DB00394,P08185,CBG_HUMAN
DB00394,P04083,ANXA1_HUMAN
DB00396,P06401,PRGR_HUMAN
DB00396,P03372,ESR1_HUMAN
DB00396,P05093,CP17A_HUMAN
DB00397,P35348,ADA1A_HUMAN
DB00397,P08913,ADA2A_HUMAN
DB00398,P15056,BRAF1_HUMAN
DB00398,P36888,FLT3_HUMAN
DB00398,P04049,RAF1_HUMAN
DB00398,P35916,VGFR3_HUMAN
DB00398,P09619,PGFRB_HUMAN
DB00398,P10721,KIT_HUMAN
DB00398,P35968,VGFR2_HUMAN
DB00401,O00555,CAC1A_HUMAN
DB00403,P32238,CCKAR_HUMAN
DB00404,P14867,GBRA1_HUMAN
DB00404,Q16445,GBRA6_HUMAN
DB00404,P34903,GBRA3_HUMAN
DB00404,P48169,GBRA4_HUMAN
DB00404,P31644,GBRA5_HUMAN
DB00404,P47869,GBRA2_HUMAN
DB00405,P35367,HRH1_HUMAN
DB00407,P05546,HEP2_HUMAN
DB00408,P21728,DRD1_HUMAN
DB00408,P14416,DRD2_HUMAN
DB00409,P14416,DRD2_HUMAN
DB00411,P11229,ACM1_HUMAN
DB00411,P08172,ACM2_HUMAN
DB00411,Q15822,ACHA2_HUMAN
DB00412,P37231,PPARG_HUMAN
DB00413,P35462,DRD3_HUMAN
DB00413,P21917,DRD4_HUMAN
DB00413,P14416,DRD2_HUMAN
DB00414,P48048,IRK1_HUMAN
DB00416,Q15822,ACHA2_HUMAN
DB00418,P14867,GBRA1_HUMAN
DB00420,P14416,DRD2_HUMAN
DB00420,P08173,ACM4_HUMAN
DB00420,P08172,ACM2_HUMAN
DB00420,P20309,ACM3_HUMAN
DB00420,P35368,ADA1B_HUMAN
DB00420,P21728,DRD1_HUMAN
DB00420,P08912,ACM5_HUMAN
DB00420,P28223,5HT2A_HUMAN
DB00420,P28335,5HT2C_HUMAN
DB00420,P35348,ADA1A_HUMAN
DB00420,P11229,ACM1_HUMAN
DB00420,P21917,DRD4_HUMAN
DB00420,P35367,HRH1_HUMAN
DB00420,P25100,ADA1D_HUMAN
DB00421,P30556,AGTR1_HUMAN
DB00421,P08235,MCR_HUMAN
DB00422,Q01959,SC6A3_HUMAN
DB00422,P23975,SC6A2_HUMAN
DB00422,P31645,SC6A4_HUMAN
DB00424,P11229,ACM1_HUMAN
DB00424,P08172,ACM2_HUMAN
DB00425,P14867,GBRA1_HUMAN
DB00427,P35367,HRH1_HUMAN
DB00429,P34995,PE2R1_HUMAN
DB00432,P04818,TYSY_HUMAN
DB00433,P14416,DRD2_HUMAN
DB00433,P28223,5HT2A_HUMAN
DB00433,P35367,HRH1_HUMAN
DB00433,P21728,DRD1_HUMAN
DB00434,P28223,5HT2A_HUMAN
DB00434,P35367,HRH1_HUMAN
DB00435,P16066,ANPRA_HUMAN
DB00436,P55017,S12A3_HUMAN
DB00436,P00915,CAH1_HUMAN
DB00436,P00918,CAH2_HUMAN
DB00436,P22748,CAH4_HUMAN
DB00436,Q12791,KCMA1_HUMAN
DB00437,P47989,XDH_HUMAN
DB00439,P04035,HMDH_HUMAN
DB00440,P00374,DYR_HUMAN
DB00441,P23921,RIR1_HUMAN
DB00441,P30085,KCY_HUMAN
DB00441,P04818,TYSY_HUMAN
DB00443,P04150,GCR_HUMAN
DB00443,P04083,ANXA1_HUMAN
DB00444,P11388,TOP2A_HUMAN
DB00445,O14646,CHD1_HUMAN
DB00445,P11388,TOP2A_HUMAN
DB00448,P20648,ATP4A_HUMAN
DB00449,P08913,ADA2A_HUMAN
DB00450,P14416,DRD2_HUMAN
DB00451,P02766,TTHY_HUMAN
DB00451,P10827,THA_HUMAN
DB00451,P05543,THBG_HUMAN
DB00451,P02768,ALBU_HUMAN
DB00451,P10828,THB1_HUMAN
DB00452,P61073,CXCR4_HUMAN
DB00454,P41145,OPRK_HUMAN
DB00454,Q8TCU5,NMD3A_HUMAN
DB00455,P35367,HRH1_HUMAN
DB00456,P02768,ALBU_HUMAN
DB00456,Q9HCU0,CD248_HUMAN
DB00457,P35348,ADA1A_HUMAN
DB00457,P35368,ADA1B_HUMAN
DB00457,P25100,ADA1D_HUMAN
DB00458,P23975,SC6A2_HUMAN
DB00458,P31645,SC6A4_HUMAN
DB00458,P30542,AA1R_HUMAN
DB00459,P10276,RARA_HUMAN
DB00459,P22932,RARG2_HUMAN
DB00459,P28702,RXRB_HUMAN
DB00459,P13631,RARG1_HUMAN
DB00459,P10826,RARB_HUMAN
DB00459,P48443,RXRG_HUMAN
DB00459,P19793,RXRA_HUMAN
DB00459,P02768,ALBU_HUMAN
DB00461,P23219,PGH1_HUMAN
DB00461,P35354,PGH2_HUMAN
DB00462,P11229,ACM1_HUMAN
DB00463,P14867,GBRA1_HUMAN
DB00464,P04070,PROC_HUMAN
DB00465,P23219,PGH1_HUMAN
DB00465,P35354,PGH2_HUMAN
DB00466,P24046,GBRR1_HUMAN
DB00466,P14867,GBRA1_HUMAN
DB00467,P11388,TOP2A_HUMAN
DB00468,P69905,HBA_HUMAN
DB00468,O15554,KCNN4_HUMAN
DB00469,P23219,PGH1_HUMAN
DB00469,P35354,PGH2_HUMAN
DB00470,P21554,CNR1_HUMAN
DB00471,Q9Y271,CLTR1_HUMAN
DB00471,P09917,LOX5_HUMAN
DB00472,P31645,SC6A4_HUMAN
DB00473,Q14524,SCN5A_HUMAN
DB00473,Q9Y5Y9,SC10A_HUMAN
DB00474,P14867,GBRA1_HUMAN
DB00475,P14867,GBRA1_HUMAN
DB00476,P31645,SC6A4_HUMAN
DB00476,Q01959,SC6A3_HUMAN
DB00476,P23975,SC6A2_HUMAN
DB00477,P14416,DRD2_HUMAN
DB00477,P28223,5HT2A_HUMAN
DB00477,P02768,ALBU_HUMAN
DB00480,P35354,PGH2_HUMAN
DB00481,P03372,ESR1_HUMAN
DB00481,Q92731,ESR2_HUMAN
DB00482,P35354,PGH2_HUMAN
DB00482,O15530,PDPK1_HUMAN
DB00483,Q15822,ACHA2_HUMAN
DB00483,P08172,ACM2_HUMAN
DB00483,P22303,ACES_HUMAN
DB00484,P08913,ADA2A_HUMAN
DB00484,P18089,ADA2B_HUMAN
DB00484,P18825,ADA2C_HUMAN
DB00486,P34972,CNR2_HUMAN
DB00486,P21554,CNR1_HUMAN
DB00487,P02788,TRFL_HUMAN
DB00487,P11388,TOP2A_HUMAN
DB00489,Q12809,KCNH2_HUMAN
DB00490,P08908,5HT1A_HUMAN
DB00490,P14416,DRD2_HUMAN
DB00491,O43451,MGA_HUMAN
DB00492,P22966,ACET_HUMAN
DB00492,P12821,ACE_HUMAN
DB00494,P21964,COMT_HUMAN
DB00496,P20309,ACM3_HUMAN
DB00497,P35372,OPRM_HUMAN
DB00497,P41145,OPRK_HUMAN
DB00497,P41143,OPRD_HUMAN
DB00499,P10275,ANDR_HUMAN
DB00500,P23219,PGH1_HUMAN
DB00500,P35354,PGH2_HUMAN
DB00501,P25021,HRH2_HUMAN
DB00501,O95742,O95742_HUMAN
DB00502,P14416,DRD2_HUMAN
DB00502,Q13224,NMDE2_HUMAN
DB00502,P21728,DRD1_HUMAN
DB00504,P35372,OPRM_HUMAN
DB00504,Q15822,ACHA2_HUMAN
DB00505,P11229,ACM1_HUMAN
DB00505,P08172,ACM2_HUMAN
DB00505,P20309,ACM3_HUMAN
DB00506,P06401,PRGR_HUMAN
DB00506,P03372,ESR1_HUMAN
DB00506,P35348,ADA1A_HUMAN
DB00508,P21728,DRD1_HUMAN
DB00508,P14416,DRD2_HUMAN
DB00508,P11229,ACM1_HUMAN
DB00508,P08172,ACM2_HUMAN
DB00508,P41595,5HT2B_HUMAN
DB00510,P80404,GABT_HUMAN
DB00511,P05023,AT1A1_HUMAN
DB00513,P00747,PLMN_HUMAN
DB00513,P00750,TPA_HUMAN
DB00513,P08519,APOA_HUMAN
DB00514,Q99720,Q99720_HUMAN
DB00514,Q5T1J1,Q5T1J1_HUMAN
DB00514,Q15822,ACHA2_HUMAN
DB00514,P31645,SC6A4_HUMAN
DB00514,Q8TCU5,NMD3A_HUMAN
DB00517,P11229,ACM1_HUMAN
DB00517,P08172,ACM2_HUMAN
DB00517,P20309,ACM3_HUMAN
DB00519,P22966,ACET_HUMAN
DB00519,P12821,ACE_HUMAN
DB00521,P07550,ADRB2_HUMAN
DB00521,P08588,ADRB1_HUMAN
DB00522,P16233,LIPP_HUMAN
DB00523,P10276,RARA_HUMAN
DB00523,P22932,RARG2_HUMAN
DB00523,P28702,RXRB_HUMAN
DB00523,P13631,RARG1_HUMAN
DB00523,P10826,RARB_HUMAN
DB00523,P48443,RXRG_HUMAN
DB00523,P19793,RXRA_HUMAN
DB00523,P29373,RABP2_HUMAN
DB00523,P29762,RABP1_HUMAN
DB00524,Q13621,S12A1_HUMAN
DB00524,P55017,S12A3_HUMAN
DB00527,Q14524,SCN5A_HUMAN
DB00527,Q9Y5Y9,SC10A_HUMAN
DB00527,P62158,CALM_HUMAN
DB00528,Q06432,CCG1_HUMAN
DB00530,P00533,EGFR_HUMAN
DB00532,Q14524,SCN5A_HUMAN
DB00532,P02768,ALBU_HUMAN
DB00533,P35354,PGH2_HUMAN
DB00533,P15502,ELN_HUMAN
DB00533,P23219,PGH1_HUMAN
DB00534,P51649,SSDH_HUMAN
DB00534,Q13621,S12A1_HUMAN
DB00535,P05164,PERM_HUMAN
DB00536,P05091,ALDH2_HUMAN
DB00537,P02768,ALBU_HUMAN
DB00537,P11388,TOP2A_HUMAN
DB00539,P03372,ESR1_HUMAN
DB00540,P31645,SC6A4_HUMAN
DB00540,P23975,SC6A2_HUMAN
DB00540,P02768,ALBU_HUMAN
DB00541,P07437,TBB2_HUMAN
DB00542,P22966,ACET_HUMAN
DB00542,P12821,ACE_HUMAN
DB00543,P31645,SC6A4_HUMAN
DB00543,P23975,SC6A2_HUMAN
DB00544,P04818,TYSY_HUMAN
DB00545,P22303,ACES_HUMAN
DB00547,P04083,ANXA1_HUMAN
DB00548,P14679,TYRO_HUMAN
DB00549,Q9Y271,CLTR1_HUMAN
DB00550,P07202,PERT_HUMAN
DB00551,P39900,MMP12_HUMAN
DB00552,P00813,ADA_HUMAN
DB00553,P11509,CP2A6_HUMAN
DB00554,P23219,PGH1_HUMAN
DB00555,Q14524,SCN5A_HUMAN
DB00555,P35498,SCN1A_HUMAN
DB00555,Q99250,SCN2A_HUMAN
DB00555,Q9NY46,SCN3A_HUMAN
DB00555,P35499,SCN4A_HUMAN
DB00555,Q9UQD0,SCN8A_HUMAN
DB00555,Q15858,SCN9A_HUMAN
DB00555,P00374,DYR_HUMAN
DB00557,P35367,HRH1_HUMAN
DB00559,P24530,EDNRB_HUMAN
DB00559,P25101,EDNRA_HUMAN
DB00559,O95342,ABCBB_HUMAN
DB00562,P55017,S12A3_HUMAN
DB00562,P00915,CAH1_HUMAN
DB00562,P00918,CAH2_HUMAN
DB00562,P22748,CAH4_HUMAN
DB00562,Q12791,KCMA1_HUMAN
DB00563,P00374,DYR_HUMAN
DB00563,P02768,ALBU_HUMAN
DB00564,Q14524,SCN5A_HUMAN
DB00565,Q15822,ACHA2_HUMAN
DB00568,P35367,HRH1_HUMAN
DB00568,O00555,CAC1A_HUMAN
DB00568,P14416,DRD2_HUMAN
DB00569,P01008,ANT3_HUMAN
DB00570,P07437,TBB2_HUMAN
DB00570,P05412,JUN_HUMAN
DB00570,P08183,MDR1_HUMAN
DB00571,P08588,ADRB1_HUMAN
DB00571,P07550,ADRB2_HUMAN
DB00571,P13945,ADRB3_HUMAN
DB00571,P08908,5HT1A_HUMAN
DB00571,P28222,5HT1B_HUMAN
DB00572,P08172,ACM2_HUMAN
DB00572,P11229,ACM1_HUMAN
DB00572,P08173,ACM4_HUMAN
DB00572,P08912,ACM5_HUMAN
DB00572,P20309,ACM3_HUMAN
DB00572,P22303,ACES_HUMAN
DB00573,P23219,PGH1_HUMAN
DB00573,P35354,PGH2_HUMAN
DB00574,P28335,5HT2C_HUMAN
DB00574,P41595,5HT2B_HUMAN
DB00575,P08913,ADA2A_HUMAN
DB00575,P21452,NK2R_HUMAN
DB00576,P02768,ALBU_HUMAN
DB00579,P23975,SC6A2_HUMAN
DB00579,Q01959,SC6A3_HUMAN
DB00580,P35354,PGH2_HUMAN
DB00583,P50416,CPT1A_HUMAN
DB00583,Q9H015,S22A4_HUMAN
DB00583,O76082,S22A5_HUMAN
DB00583,P43155,CACP_HUMAN
DB00583,Q8N8R3,MCATL_HUMAN
DB00583,O43772,MCAT_HUMAN
DB00583,Q9UKG9,OCTC_HUMAN
DB00583,P23786,CPT2_HUMAN
DB00584,P22966,ACET_HUMAN
DB00584,P12821,ACE_HUMAN
DB00585,P25021,HRH2_HUMAN
DB00586,P23219,PGH1_HUMAN
DB00586,P35354,PGH2_HUMAN
DB00586,P02766,TTHY_HUMAN
DB00587,Q9Y271,CLTR1_HUMAN
DB00588,P08185,CBG_HUMAN
DB00588,P47712,PA24A_HUMAN
DB00588,P04150,GCR_HUMAN
DB00589,P21728,DRD1_HUMAN
DB00589,P08908,5HT1A_HUMAN
DB00589,P14416,DRD2_HUMAN
DB00590,P35348,ADA1A_HUMAN
DB00590,P35368,ADA1B_HUMAN
DB00590,P25100,ADA1D_HUMAN
DB00591,P08185,CBG_HUMAN
DB00591,P47712,PA24A_HUMAN
DB00593,O43497,CAC1G_HUMAN
DB00594,P51168,SCNNB_HUMAN
DB00594,P78348,ACCN2_HUMAN
DB00594,P19801,ABP1_HUMAN
DB00594,P37088,SCNNA_HUMAN
DB00594,P51170,SCNNG_HUMAN
DB00594,P19634,SL9A1_HUMAN
DB00594,Q16515,ACCN1_HUMAN
DB00594,P51172,SCNND_HUMAN
DB00594,P00749,UROK_HUMAN
DB00596,P04083,ANXA1_HUMAN
DB00596,P08185,CBG_HUMAN
DB00598,P35348,ADA1A_HUMAN
DB00598,P35368,ADA1B_HUMAN
DB00598,P08588,ADRB1_HUMAN
DB00598,P07550,ADRB2_HUMAN
DB00599,P14867,GBRA1_HUMAN
DB00599,O00519,FAAH_HUMAN
DB00603,P06401,PRGR_HUMAN
DB00603,P03372,ESR1_HUMAN
DB00604,Q13639,5HT4R_HUMAN
DB00604,P46098,5HT3R_HUMAN
DB00604,Q12809,KCNH2_HUMAN
DB00604,P28223,5HT2A_HUMAN
DB00605,P35354,PGH2_HUMAN
DB00605,P01112,RASH_HUMAN
DB00605,P01133,EGF_HUMAN
DB00605,P02768,ALBU_HUMAN
DB00605,P08253,MMP2_HUMAN
DB00605,P15121,ALDR_HUMAN
DB00605,P23219,PGH1_HUMAN
DB00605,P27361,MK03_HUMAN
DB00605,Q03181,PPARD_HUMAN
DB00605,O00408,PDE2A_HUMAN
DB00606,P54710,ATNG_HUMAN
DB00606,P00915,CAH1_HUMAN
DB00606,P00918,CAH2_HUMAN
DB00606,P22748,CAH4_HUMAN
DB00606,Q12791,KCMA1_HUMAN
DB00608,P69905,HBA_HUMAN
DB00608,P01375,TNFA_HUMAN
DB00608,Q9NR96,TLR9_HUMAN
DB00608,P09210,GSTA2_HUMAN
DB00610,P35348,ADA1A_HUMAN
DB00611,P41145,OPRK_HUMAN
DB00611,P35372,OPRM_HUMAN
DB00611,P41143,OPRD_HUMAN
DB00612,P08588,ADRB1_HUMAN
DB00612,P07550,ADRB2_HUMAN
DB00613,P69905,HBA_HUMAN
DB00615,P07900,HS90A_HUMAN
DB00615,P14625,ENPL_HUMAN
DB00616,P08473,NEP_HUMAN
DB00617,Q9P0X4,CAC1I_HUMAN
DB00619,P09619,PGFRB_HUMAN
DB00619,P00519,ABL1_HUMAN
DB00619,P10721,KIT_HUMAN
DB00619,P04629,NTRK1_HUMAN
DB00619,P07333,CSF1R_HUMAN
DB00619,P08183,MDR1_HUMAN
DB00619,P16234,PGFRA_HUMAN
DB00619,Q08345,DDR1_HUMAN
DB00619,Q9UNQ0,ABCG2_HUMAN
DB00620,P08185,CBG_HUMAN
DB00620,P04083,ANXA1_HUMAN
DB00621,P10275,ANDR_HUMAN
DB00622,Q13936,CAC1C_HUMAN
DB00622,P08183,MDR1_HUMAN
DB00622,Q9UNQ0,ABCG2_HUMAN
DB00623,P14416,DRD2_HUMAN
DB00623,P62158,CALM_HUMAN
DB00623,P21728,DRD1_HUMAN
DB00624,P10275,ANDR_HUMAN
DB00624,P02768,ALBU_HUMAN
DB00624,P16860,ANFB_HUMAN
DB00626,P01023,A2MG_HUMAN
DB00626,P14735,IDE_HUMAN
DB00627,Q8TDS4,G109A_HUMAN
DB00627,P40261,NNMT_HUMAN
DB00627,Q15274,NADC_HUMAN
DB00627,P49019,G109B_HUMAN
DB00628,P14867,GBRA1_HUMAN
DB00629,P08913,ADA2A_HUMAN
DB00630,P29074,PTN4_HUMAN
DB00631,P09884,DPOLA_HUMAN
DB00631,P23921,RIR1_HUMAN
DB00633,P08913,ADA2A_HUMAN
DB00635,P04150,GCR_HUMAN
DB00635,P04083,ANXA1_HUMAN
DB00636,P06858,LIPL_HUMAN
DB00636,Q07869,PPARA_HUMAN
DB00637,P35367,HRH1_HUMAN
DB00637,P05184,CP3A3_HUMAN
DB00637,Q12809,KCNH2_HUMAN
DB00640,Q08828,ADCY1_HUMAN
DB00640,P01375,TNFA_HUMAN
DB00640,P33765,AA3R_HUMAN
DB00641,P04035,HMDH_HUMAN
DB00641,P00734,THRB_HUMAN
DB00641,P01019,ANGT_HUMAN
DB00641,P01375,TNFA_HUMAN
DB00641,P01579,IFNG_HUMAN
DB00641,P05121,PAI1_HUMAN
DB00641,P05184,CP3A3_HUMAN
DB00641,P05231,IL6_HUMAN
DB00641,P08254,MMP3_HUMAN
DB00641,P10145,IL8_HUMAN
DB00641,P12643,BMP2_HUMAN
DB00641,P13500,CCL2_HUMAN
DB00641,P14780,MMP9_HUMAN
DB00641,P15692,VEGFA_HUMAN
DB00641,P25942,TNR5_HUMAN
DB00641,P27361,MK03_HUMAN
DB00641,P42574,CASP3_HUMAN
DB00641,P61586,RHOA_HUMAN
DB00641,P63000,RAC1_HUMAN
DB00641,Q06643,TNFC_HUMAN
DB00641,Q07869,PPARA_HUMAN
DB00642,P04818,TYSY_HUMAN
DB00642,P00374,DYR_HUMAN
DB00642,O14659,O14659_HUMAN
DB00642,P22102,PUR2_HUMAN
DB00644,P30968,GNRHR_HUMAN
DB00644,Q96P88,GNRR2_HUMAN
DB00645,Q9Y5Y9,SC10A_HUMAN
DB00647,P35372,OPRM_HUMAN
DB00647,P41143,OPRD_HUMAN
DB00647,P41145,OPRK_HUMAN
DB00648,P15538,C11B1_HUMAN
DB00648,P10109,ADX_HUMAN
DB00648,P08185,CBG_HUMAN
DB00650,P04818,TYSY_HUMAN
DB00651,Q07343,PDE4B_HUMAN
DB00651,P27815,PDE4A_HUMAN
DB00651,Q08493,PDE4C_HUMAN
DB00651,Q08499,PDE4D_HUMAN
DB00651,Q13946,PDE7A_HUMAN
DB00651,Q9NP56,PDE7B_HUMAN
DB00652,P35372,OPRM_HUMAN
DB00652,P41145,OPRK_HUMAN
DB00653,Q06432,CCG1_HUMAN
DB00653,Q13936,CAC1C_HUMAN
DB00653,Q02641,CACB1_HUMAN
DB00653,Q08289,CACB2_HUMAN
DB00653,Q13698,CAC1S_HUMAN
DB00654,P43088,PF2R_HUMAN
DB00655,P03372,ESR1_HUMAN
DB00655,P02768,ALBU_HUMAN
DB00655,P08842,STS_HUMAN
DB00655,Q16678,CP1B1_HUMAN
DB00656,P28223,5HT2A_HUMAN
DB00656,P31645,SC6A4_HUMAN
DB00656,P23975,SC6A2_HUMAN
DB00656,P35348,ADA1A_HUMAN
DB00656,P08913,ADA2A_HUMAN
DB00656,P35367,HRH1_HUMAN
DB00656,P08908,5HT1A_HUMAN
DB00656,P35368,ADA1B_HUMAN
DB00657,Q15822,ACHA2_HUMAN
DB00659,Q8TCU5,NMD3A_HUMAN
DB00659,P41594,MGR5_HUMAN
DB00659,Q13255,MGR1_HUMAN
DB00659,Q14416,MGR2_HUMAN
DB00659,Q14832,MGR3_HUMAN
DB00661,Q14524,SCN5A_HUMAN
DB00661,P00915,CAH1_HUMAN
DB00661,Q14654,IRK11_HUMAN
DB00661,O00305,CACB4_HUMAN
DB00661,O43497,CAC1G_HUMAN
DB00661,O60840,CAC1F_HUMAN
DB00661,P54284,CACB3_HUMAN
DB00661,Q01668,CAC1D_HUMAN
DB00661,Q02641,CACB1_HUMAN
DB00661,Q06432,CCG1_HUMAN
DB00661,Q08289,CACB2_HUMAN
DB00661,Q12809,KCNH2_HUMAN
DB00661,Q13698,CAC1S_HUMAN
DB00661,Q13936,CAC1C_HUMAN
DB00661,Q9P0X4,CAC1I_HUMAN
DB00663,P04083,ANXA1_HUMAN
DB00663,P08185,CBG_HUMAN
DB00663,P04150,GCR_HUMAN
DB00665,P35348,ADA1A_HUMAN
DB00665,P10275,ANDR_HUMAN
DB00666,P30968,GNRHR_HUMAN
DB00666,Q96P88,GNRR2_HUMAN
DB00667,P35367,HRH1_HUMAN
DB00667,P25021,HRH2_HUMAN
DB00667,Q9Y5N1,HRH3_HUMAN
DB00668,P35348,ADA1A_HUMAN
DB00668,P08588,ADRB1_HUMAN
DB00668,P07550,ADRB2_HUMAN
DB00668,P00439,PH4H_HUMAN
DB00669,P28221,5HT1D_HUMAN
DB00669,P28222,5HT1B_HUMAN
DB00669,P30939,5HT1F_HUMAN
DB00669,P41595,5HT2B_HUMAN
DB00670,P11229,ACM1_HUMAN
DB00672,P48048,IRK1_HUMAN
DB00673,P25103,NK1R_HUMAN
DB00674,P22303,ACES_HUMAN
DB00675,P08183,MDR1_HUMAN
DB00675,P19971,TYPH_HUMAN
DB00675,P03372,ESR1_HUMAN
DB00675,P34913,HYES_HUMAN
DB00675,Q92731,ESR2_HUMAN
DB00677,P06276,CHLE_HUMAN
DB00677,P22303,ACES_HUMAN
DB00678,P30556,AGTR1_HUMAN
DB00679,P35348,ADA1A_HUMAN
DB00679,P14416,DRD2_HUMAN
DB00679,P28223,5HT2A_HUMAN
DB00679,P21728,DRD1_HUMAN
DB00680,Q14524,SCN5A_HUMAN
DB00682,P00734,THRB_HUMAN
DB00683,P14867,GBRA1_HUMAN
DB00683,P18505,GBRB1_HUMAN
DB00683,P28472,GBRB3_HUMAN
DB00683,P31644,GBRA5_HUMAN
DB00683,P34903,GBRA3_HUMAN
DB00683,P47869,GBRA2_HUMAN
DB00683,P47870,GBRB2_HUMAN
DB00683,P48169,GBRA4_HUMAN
DB00683,Q16445,GBRA6_HUMAN
DB00685,P11388,TOP2A_HUMAN
DB00686,P05230,FGF1_HUMAN
DB00686,P08620,FGF4_HUMAN
DB00686,P09038,FGF2_HUMAN
DB00687,P08235,MCR_HUMAN
DB00688,P12268,IMDH2_HUMAN
DB00688,P20839,IMDH1_HUMAN
DB00690,P14867,GBRA1_HUMAN
DB00690,P18505,GBRB1_HUMAN
DB00690,P28472,GBRB3_HUMAN
DB00690,P31644,GBRA5_HUMAN
DB00690,P34903,GBRA3_HUMAN
DB00690,P47869,GBRA2_HUMAN
DB00690,P47870,GBRB2_HUMAN
DB00690,P48169,GBRA4_HUMAN
DB00690,Q16445,GBRA6_HUMAN
DB00691,P22966,ACET_HUMAN
DB00691,P12821,ACE_HUMAN
DB00691,Q9BYF1,ACE2_HUMAN
DB00692,P08913,ADA2A_HUMAN
DB00692,P01275,GLUC_HUMAN
DB00692,P06881,CALCA_HUMAN
DB00692,P27815,PDE4A_HUMAN
DB00694,P08183,MDR1_HUMAN
DB00694,P33527,MRP1_HUMAN
DB00695,Q13621,S12A1_HUMAN
DB00695,P05023,AT1A1_HUMAN
DB00696,P35348,ADA1A_HUMAN
DB00696,P28221,5HT1D_HUMAN
DB00696,P28222,5HT1B_HUMAN
DB00696,P28223,5HT2A_HUMAN
DB00696,P08913,ADA2A_HUMAN
DB00696,P14416,DRD2_HUMAN
DB00696,P18089,ADA2B_HUMAN
DB00696,P23975,SC6A2_HUMAN
DB00697,P08913,ADA2A_HUMAN
DB00699,P35348,ADA1A_HUMAN
DB00700,P08235,MCR_HUMAN
DB00703,P00915,CAH1_HUMAN
DB00704,P35372,OPRM_HUMAN
DB00704,P01375,TNFA_HUMAN
DB00704,P41145,OPRK_HUMAN
DB00704,P41143,OPRD_HUMAN
DB00706,P35348,ADA1A_HUMAN
DB00706,P25100,ADA1D_HUMAN
DB00706,P35368,ADA1B_HUMAN
DB00706,P02763,A1AG1_HUMAN
DB00707,P01130,LDLR_HUMAN
DB00708,P35372,OPRM_HUMAN
DB00711,P09917,LOX5_HUMAN
DB00711,P00395,COX1_HUMAN
DB00712,P35354,PGH2_HUMAN
DB00712,P23219,PGH1_HUMAN
DB00712,P02768,ALBU_HUMAN
DB00714,P14416,DRD2_HUMAN
DB00714,P21728,DRD1_HUMAN
DB00714,P21917,DRD4_HUMAN
DB00714,P35462,DRD3_HUMAN
DB00714,P21918,DRD5_HUMAN
DB00714,Q9NYX4,D1IP_HUMAN
DB00715,P31645,SC6A4_HUMAN
DB00715,P23975,SC6A2_HUMAN
DB00715,P28223,5HT2A_HUMAN
DB00716,Q9Y271,CLTR1_HUMAN
DB00716,Q9NS75,CLTR2_HUMAN
DB00716,Q13258,PD2R_HUMAN
DB00716,P35367,HRH1_HUMAN
DB00716,P21462,FPR1_HUMAN
DB00717,P06401,PRGR_HUMAN
DB00719,P35367,HRH1_HUMAN
DB00720,P05141,ADT2_HUMAN
DB00720,P12235,ADT1_HUMAN
DB00720,P12236,ADT3_HUMAN
DB00720,P18031,PTN1_HUMAN
DB00721,Q9Y5Y9,SC10A_HUMAN
DB00721,Q8TCU5,NMD3A_HUMAN
DB00721,Q9GZZ6,ACH10_HUMAN
DB00721,P46098,5HT3R_HUMAN
DB00721,Q01959,SC6A3_HUMAN
DB00722,P22966,ACET_HUMAN
DB00722,P01019,ANGT_HUMAN
DB00722,P12821,ACE_HUMAN
DB00723,P35348,ADA1A_HUMAN
DB00723,P35368,ADA1B_HUMAN
DB00724,Q9NYK1,TLR7_HUMAN
DB00725,P08172,ACM2_HUMAN
DB00725,P11229,ACM1_HUMAN
DB00725,P08173,ACM4_HUMAN
DB00725,P08912,ACM5_HUMAN
DB00725,P20309,ACM3_HUMAN
DB00726,P31645,SC6A4_HUMAN
DB00726,P23975,SC6A2_HUMAN
DB00727,P16066,ANPRA_HUMAN
DB00727,P05091,ALDH2_HUMAN
DB00728,Q15822,ACHA2_HUMAN
DB00728,P08172,ACM2_HUMAN
DB00729,P20309,ACM3_HUMAN
DB00731,P48048,IRK1_HUMAN
DB00731,Q09428,ABCC8_HUMAN
DB00731,Q14654,IRK11_HUMAN
DB00732,Q15822,ACHA2_HUMAN
DB00734,P35367,HRH1_HUMAN
DB00734,P14416,DRD2_HUMAN
DB00734,P35348,ADA1A_HUMAN
DB00734,P08588,ADRB1_HUMAN
DB00734,P28223,5HT2A_HUMAN
DB00734,P35368,ADA1B_HUMAN
DB00735,Q14534,ERG1_HUMAN
DB00736,P20648,ATP4A_HUMAN
DB00736,P05023,AT1A1_HUMAN
DB00736,P54707,AT12A_HUMAN
DB00737,P35367,HRH1_HUMAN
DB00740,Q14524,SCN5A_HUMAN
DB00740,Q8TCU5,NMD3A_HUMAN
DB00741,P04083,ANXA1_HUMAN
DB00741,P04150,GCR_HUMAN
DB00741,P01189,COLI_HUMAN
DB00741,P35228,NOS2A_HUMAN
DB00741,P09917,LOX5_HUMAN
DB00743,P02768,ALBU_HUMAN
DB00744,P16050,LOX15_HUMAN
DB00744,P09917,LOX5_HUMAN
DB00744,P10145,IL8_HUMAN
DB00745,Q01959,SC6A3_HUMAN
DB00745,P35368,ADA1B_HUMAN
DB00747,P11229,ACM1_HUMAN
DB00748,P35367,HRH1_HUMAN
DB00748,P11229,ACM1_HUMAN
DB00749,P23219,PGH1_HUMAN
DB00749,P35354,PGH2_HUMAN
DB00749,P02768,ALBU_HUMAN
DB00750,Q14524,SCN5A_HUMAN
DB00751,P35367,HRH1_HUMAN
DB00751,P25021,HRH2_HUMAN
DB00751,P35348,ADA1A_HUMAN
DB00751,P08913,ADA2A_HUMAN
DB00751,P28223,5HT2A_HUMAN
DB00752,P28223,5HT2A_HUMAN
DB00752,P27338,AOFB_HUMAN
DB00752,P21397,AOFA_HUMAN
DB00752,P14416,DRD2_HUMAN
DB00753,P98194,AT2C1_HUMAN
DB00753,P30049,ATPD_HUMAN
DB00753,P14867,GBRA1_HUMAN
DB00753,Q09470,KCNA1_HUMAN
DB00753,P42261,GRIA1_HUMAN
DB00753,P23415,GLRA1_HUMAN
DB00753,P62158,CALM_HUMAN
DB00754,Q14524,SCN5A_HUMAN
DB00755,P13631,RARG1_HUMAN
DB00755,P28702,RXRB_HUMAN
DB00755,P00352,AL1A1_HUMAN
DB00755,P22932,RARG2_HUMAN
DB00755,Q8NFJ5,RAI3_HUMAN
DB00755,P48443,RXRG_HUMAN
DB00755,P51843,DAX1_HUMAN
DB00755,O94788,AL1A2_HUMAN
DB00757,P46098,5HT3R_HUMAN
DB00758,Q9H244,P2Y12_HUMAN
DB00758,P05184,CP3A3_HUMAN
DB00758,P16109,LYAM3_HUMAN
DB00761,P55011,S12A2_HUMAN
DB00761,Q13621,S12A1_HUMAN
DB00761,Q9H2X9,S12A5_HUMAN
DB00761,Q9UHW9,S12A6_HUMAN
DB00761,Q9Y666,S12A7_HUMAN
DB00761,Q9UP95,S12A4_HUMAN
DB00762,Q969P6,TOP1M_HUMAN
DB00762,P11387,TOP1_HUMAN
DB00763,P07202,PERT_HUMAN
DB00764,P04150,GCR_HUMAN
DB00764,P04083,ANXA1_HUMAN
DB00765,P07101,TY3H_HUMAN
DB00767,P08173,ACM4_HUMAN
DB00767,P11229,ACM1_HUMAN
DB00767,P08912,ACM5_HUMAN
DB00767,P08172,ACM2_HUMAN
DB00767,P20309,ACM3_HUMAN
DB00767,P35367,HRH1_HUMAN
DB00768,P35367,HRH1_HUMAN
DB00768,P23297,S10A1_HUMAN
DB00769,P04083,ANXA1_HUMAN
DB00769,P04150,GCR_HUMAN
DB00770,P43116,PE2R2_HUMAN
DB00770,P34995,PE2R1_HUMAN
DB00771,P11229,ACM1_HUMAN
DB00773,P11388,TOP2A_HUMAN
DB00773,O14733,MP2K7_HUMAN
DB00774,Q13621,S12A1_HUMAN
DB00774,P05023,AT1A1_HUMAN
DB00774,P22748,CAH4_HUMAN
DB00774,Q12791,KCMA1_HUMAN
DB00774,P00918,CAH2_HUMAN
DB00774,P00915,CAH1_HUMAN
DB00775,P16109,LYAM3_HUMAN
DB00776,Q14524,SCN5A_HUMAN
DB00777,P20309,ACM3_HUMAN
DB00777,P35368,ADA1B_HUMAN
DB00777,P21728,DRD1_HUMAN
DB00777,P25100,ADA1D_HUMAN
DB00777,P08912,ACM5_HUMAN
DB00777,P28223,5HT2A_HUMAN
DB00777,P21917,DRD4_HUMAN
DB00777,P14416,DRD2_HUMAN
DB00777,P08172,ACM2_HUMAN
DB00777,P08173,ACM4_HUMAN
DB00777,P35367,HRH1_HUMAN
DB00777,P28335,5HT2C_HUMAN
DB00777,P35348,ADA1A_HUMAN
DB00777,P11229,ACM1_HUMAN
DB00778,P08183,MDR1_HUMAN
DB00780,Q16853,AOC3_HUMAN
DB00780,P27338,AOFB_HUMAN
DB00780,P21397,AOFA_HUMAN
DB00782,P11229,ACM1_HUMAN
DB00783,P03372,ESR1_HUMAN
DB00783,O75469,PXR_HUMAN
DB00783,Q92731,ESR2_HUMAN
DB00784,P35354,PGH2_HUMAN
DB00784,P23219,PGH1_HUMAN
DB00786,P08253,MMP2_HUMAN
DB00786,P14780,MMP9_HUMAN
DB00786,P08254,MMP3_HUMAN
DB00787,P00491,PNPH_HUMAN
DB00788,P23219,PGH1_HUMAN
DB00788,P35354,PGH2_HUMAN
DB00790,P12821,ACE_HUMAN
DB00790,P10997,IAPP_HUMAN
DB00792,P35367,HRH1_HUMAN
DB00794,P14867,GBRA1_HUMAN
DB00795,Q9UPY5,XCT_HUMAN
DB00796,P30556,AGTR1_HUMAN
DB00797,P35348,ADA1A_HUMAN
DB00798,P98164,LRP2_HUMAN
DB00799,P10276,RARA_HUMAN
DB00799,P22932,RARG2_HUMAN
DB00799,P28702,RXRB_HUMAN
DB00799,P13631,RARG1_HUMAN
DB00799,P10826,RARB_HUMAN
DB00800,P21918,DRD5_HUMAN
DB00800,P21728,DRD1_HUMAN
DB00800,P18089,ADA2B_HUMAN
DB00800,P18825,ADA2C_HUMAN
DB00800,P08913,ADA2A_HUMAN
DB00801,P14867,GBRA1_HUMAN
DB00802,P35372,OPRM_HUMAN
DB00802,P02763,A1AG1_HUMAN
DB00802,P02768,ALBU_HUMAN
DB00802,P08183,MDR1_HUMAN
DB00802,P20815,CP3A5_HUMAN
DB00804,P11229,ACM1_HUMAN
DB00805,P21728,DRD1_HUMAN
DB00805,P14416,DRD2_HUMAN
DB00805,P28223,5HT2A_HUMAN
DB00805,P41595,5HT2B_HUMAN
DB00805,P28335,5HT2C_HUMAN
DB00805,P31645,SC6A4_HUMAN
DB00806,Q07343,PDE4B_HUMAN
DB00806,P27815,PDE4A_HUMAN
DB00806,P21589,5NTD_HUMAN
DB00806,O76074,PDE5A_HUMAN
DB00807,Q9Y5Y9,SC10A_HUMAN
DB00808,P51787,KCNQ1_HUMAN
DB00808,P15382,KCNE1_HUMAN
DB00809,P08173,ACM4_HUMAN
DB00810,Q15822,ACHA2_HUMAN
DB00810,P11229,ACM1_HUMAN
DB00811,P22413,ENPP1_HUMAN
DB00811,P20839,IMDH1_HUMAN
DB00812,P35354,PGH2_HUMAN
DB00812,Q16647,PTGIS_HUMAN
DB00813,P35372,OPRM_HUMAN
DB00813,P41143,OPRD_HUMAN
DB00814,P35354,PGH2_HUMAN
DB00815,P02768,ALBU_HUMAN
DB00816,P07550,ADRB2_HUMAN
DB00818,P14867,GBRA1_HUMAN
DB00818,O00519,FAAH_HUMAN
DB00818,P02768,ALBU_HUMAN
DB00819,P00915,CAH1_HUMAN
DB00819,P29972,AQP1_HUMAN
DB00819,O43570,CAH12_HUMAN
DB00819,P00918,CAH2_HUMAN
DB00820,P27815,PDE4A_HUMAN
DB00820,O76074,PDE5A_HUMAN
DB00821,P35354,PGH2_HUMAN
DB00822,P05091,ALDH2_HUMAN
DB00823,P03372,ESR1_HUMAN
DB00823,P06401,PRGR_HUMAN
DB00824,Q07343,PDE4B_HUMAN
DB00824,P29275,AA2BR_HUMAN
DB00824,P27815,PDE4A_HUMAN
DB00825,O75762,TRPA1_HUMAN
DB00825,Q8NET8,TRPV3_HUMAN
DB00829,P14867,GBRA1_HUMAN
DB00829,P47869,GBRA2_HUMAN
DB00829,P34903,GBRA3_HUMAN
DB00830,P23975,SC6A2_HUMAN
DB00830,Q01959,SC6A3_HUMAN
DB00830,P21397,AOFA_HUMAN
DB00831,P14416,DRD2_HUMAN
DB00831,P35348,ADA1A_HUMAN
DB00831,P20648,ATP4A_HUMAN
DB00831,Q9NYX4,D1IP_HUMAN
DB00834,P06401,PRGR_HUMAN
DB00834,P04150,GCR_HUMAN
DB00835,P35367,HRH1_HUMAN
DB00836,O00555,CAC1A_HUMAN
DB00836,P35372,OPRM_HUMAN
DB00836,Q13224,NMDE2_HUMAN
DB00836,Q14957,NMDE3_HUMAN
DB00836,O15399,NMDE4_HUMAN
DB00836,Q12879,NMDE1_HUMAN
DB00836,P62158,CALM_HUMAN
DB00836,P01189,COLI_HUMAN
DB00836,P41143,OPRD_HUMAN
DB00837,P14867,GBRA1_HUMAN
DB00837,Q9UBS5,GABR1_HUMAN
DB00838,P04083,ANXA1_HUMAN
DB00839,P48048,IRK1_HUMAN
DB00841,P08588,ADRB1_HUMAN
DB00842,P14867,GBRA1_HUMAN
DB00842,P02768,ALBU_HUMAN
DB00843,P22303,ACES_HUMAN
DB00843,P28223,5HT2A_HUMAN
DB00844,P41145,OPRK_HUMAN
DB00844,P35372,OPRM_HUMAN
DB00844,P41143,OPRD_HUMAN
DB00846,P08185,CBG_HUMAN
DB00846,P47712,PA24A_HUMAN
DB00847,P61278,SMS_HUMAN
DB00848,P02768,ALBU_HUMAN
DB00849,P14867,GBRA1_HUMAN
DB00850,P21728,DRD1_HUMAN
DB00850,P14416,DRD2_HUMAN
DB00850,P35348,ADA1A_HUMAN
DB00850,P62158,CALM_HUMAN
DB00850,P10635,CP2D6_HUMAN
DB00851,Q14181,DPOA2_HUMAN
DB00852,P35348,ADA1A_HUMAN
DB00852,P08913,ADA2A_HUMAN
DB00852,P07550,ADRB2_HUMAN
DB00854,P35372,OPRM_HUMAN
DB00855,P13716,HEM2_HUMAN
DB00857,Q14534,ERG1_HUMAN
DB00858,P03372,ESR1_HUMAN
DB00858,P10275,ANDR_HUMAN
DB00858,P16471,PRLR_HUMAN
DB00859,P29466,CASP1_HUMAN
DB00860,P08185,CBG_HUMAN
DB00861,P23219,PGH1_HUMAN
DB00861,P35354,PGH2_HUMAN
DB00861,P02766,TTHY_HUMAN
DB00861,P02768,ALBU_HUMAN
DB00862,O76074,PDE5A_HUMAN
DB00863,P25021,HRH2_HUMAN
DB00865,P08913,ADA2A_HUMAN
DB00865,P35348,ADA1A_HUMAN
DB00865,P16435,NCPR_HUMAN
DB00866,P08588,ADRB1_HUMAN
DB00866,P07550,ADRB2_HUMAN
DB00866,P08908,5HT1A_HUMAN
DB00867,P07550,ADRB2_HUMAN
DB00868,Q14524,SCN5A_HUMAN
DB00869,P00918,CAH2_HUMAN
DB00870,P23219,PGH1_HUMAN
DB00870,P35354,PGH2_HUMAN
DB00870,P02768,ALBU_HUMAN
DB00871,P07550,ADRB2_HUMAN
DB00872,P37288,V1AR_HUMAN
DB00872,P30518,V2R_HUMAN
DB00873,P04083,ANXA1_HUMAN
DB00873,P04150,GCR_HUMAN
DB00875,P35348,ADA1A_HUMAN
DB00875,P14416,DRD2_HUMAN
DB00875,P21728,DRD1_HUMAN
DB00875,P08183,MDR1_HUMAN
DB00875,Q9NYX4,D1IP_HUMAN
DB00876,P30556,AGTR1_HUMAN
DB00880,P55017,S12A3_HUMAN
DB00880,P00915,CAH1_HUMAN
DB00880,P00918,CAH2_HUMAN
DB00880,P22748,CAH4_HUMAN
DB00880,Q12791,KCMA1_HUMAN
DB00881,P22966,ACET_HUMAN
DB00881,P12821,ACE_HUMAN
DB00882,P03372,ESR1_HUMAN
DB00883,P16066,ANPRA_HUMAN
DB00885,P35367,HRH1_HUMAN
DB00887,Q13621,S12A1_HUMAN
DB00887,P13569,CFTR_HUMAN
DB00887,P55011,S12A2_HUMAN
DB00887,Q9UP95,S12A4_HUMAN
DB00887,Q9H2X9,S12A5_HUMAN
DB00889,P46098,5HT3R_HUMAN
DB00889,P50406,5HT6R_HUMAN
DB00890,P03372,ESR1_HUMAN
DB00892,Q9Y5Y9,SC10A_HUMAN
DB00894,P11511,CP19A_HUMAN
DB00895,P30273,FCERG_HUMAN
DB00896,P08185,CBG_HUMAN
DB00896,P04083,ANXA1_HUMAN
DB00898,P14867,GBRA1_HUMAN
DB00898,Q8TCU5,NMD3A_HUMAN
DB00898,P23415,GLRA1_HUMAN
DB00898,P23416,GLRA2_HUMAN
DB00899,P35372,OPRM_HUMAN
DB00901,P07550,ADRB2_HUMAN
DB00902,P35367,HRH1_HUMAN
DB00903,Q13621,S12A1_HUMAN
DB00903,P02768,ALBU_HUMAN
DB00903,P05023,AT1A1_HUMAN
DB00903,P09211,GSTP1_HUMAN
DB00904,P46098,5HT3R_HUMAN
DB00904,P50406,5HT6R_HUMAN
DB00905,P43088,PF2R_HUMAN
DB00905,P34995,PE2R1_HUMAN
DB00905,P43115,PE2R3_HUMAN
DB00906,P80404,GABT_HUMAN
DB00906,P30531,SC6A1_HUMAN
DB00907,P30531,SC6A1_HUMAN
DB00907,P23975,SC6A2_HUMAN
DB00907,Q14524,SCN5A_HUMAN
DB00907,Q9UI33,SC11A_HUMAN
DB00907,Q9Y5Y9,SC10A_HUMAN
DB00907,P31645,SC6A4_HUMAN
DB00907,P41145,OPRK_HUMAN
DB00907,P21728,DRD1_HUMAN
DB00907,P35462,DRD3_HUMAN
DB00907,Q01959,SC6A3_HUMAN
DB00908,Q14524,SCN5A_HUMAN
DB00908,P02763,A1AG1_HUMAN
DB00908,P08183,MDR1_HUMAN
DB00908,Q12809,KCNH2_HUMAN
DB00908,O00180,KCNK1_HUMAN
DB00908,Q9Y257,KCNK6_HUMAN
DB00909,P35498,SCN1A_HUMAN
DB00909,P00915,CAH1_HUMAN
DB00909,O43497,CAC1G_HUMAN
DB00910,P11473,VDR_HUMAN
DB00912,P48048,IRK1_HUMAN
DB00912,Q09428,ABCC8_HUMAN
DB00912,Q14654,IRK11_HUMAN
DB00913,P35372,OPRM_HUMAN
DB00914,Q13131,AAPK1_HUMAN
DB00915,P14416,DRD2_HUMAN
DB00915,P21728,DRD1_HUMAN
DB00917,P43116,PE2R2_HUMAN
DB00917,P34995,PE2R1_HUMAN
DB00917,P35408,PE2R4_HUMAN
DB00917,P43115,PE2R3_HUMAN
DB00918,P28221,5HT1D_HUMAN
DB00918,P28222,5HT1B_HUMAN
DB00920,Q13946,PDE7A_HUMAN
DB00920,P35367,HRH1_HUMAN
DB00920,Q9NP56,PDE7B_HUMAN
DB00921,P41145,OPRK_HUMAN
DB00921,P35372,OPRM_HUMAN
DB00922,P63316,TNNC1_HUMAN
DB00922,Q14654,IRK11_HUMAN
DB00922,Q15842,IRK8_HUMAN
DB00924,P28223,5HT2A_HUMAN
DB00925,P35348,ADA1A_HUMAN
DB00925,P62158,CALM_HUMAN
DB00926,P10276,RARA_HUMAN
DB00926,P22932,RARG2_HUMAN
DB00926,P28702,RXRB_HUMAN
DB00926,P13631,RARG1_HUMAN
DB00926,P10826,RARB_HUMAN
DB00926,P48443,RXRG_HUMAN
DB00926,P19793,RXRA_HUMAN
DB00926,P29762,RABP1_HUMAN
DB00927,P25021,HRH2_HUMAN
DB00928,P26358,DNMT1_HUMAN
DB00929,P43119,PI2R_HUMAN
DB00933,P14416,DRD2_HUMAN
DB00933,P28223,5HT2A_HUMAN
DB00934,P35367,HRH1_HUMAN
DB00934,P23975,SC6A2_HUMAN
DB00934,P35348,ADA1A_HUMAN
DB00934,P27338,AOFB_HUMAN
DB00935,P35348,ADA1A_HUMAN
DB00935,P08913,ADA2A_HUMAN
DB00936,P02768,ALBU_HUMAN
DB00936,P23219,PGH1_HUMAN
DB00936,P35354,PGH2_HUMAN
DB00937,P23975,SC6A2_HUMAN
DB00937,Q01959,SC6A3_HUMAN
DB00938,P07550,ADRB2_HUMAN
DB00939,P23219,PGH1_HUMAN
DB00939,P35354,PGH2_HUMAN
DB00939,P09917,LOX5_HUMAN
DB00940,P11229,ACM1_HUMAN
DB00941,P06276,CHLE_HUMAN
DB00942,P11229,ACM1_HUMAN
DB00944,P22303,ACES_HUMAN
DB00944,P06276,CHLE_HUMAN
DB00945,P23219,PGH1_HUMAN
DB00945,P35354,PGH2_HUMAN
DB00946,P02763,A1AG1_HUMAN
DB00946,P02768,ALBU_HUMAN
DB00947,P03372,ESR1_HUMAN
DB00949,Q8TCU5,NMD3A_HUMAN
DB00949,Q13224,NMDE2_HUMAN
DB00949,Q12879,NMDE1_HUMAN
DB00950,P35367,HRH1_HUMAN
DB00951,P80404,GABT_HUMAN
DB00952,P28221,5HT1D_HUMAN
DB00952,P28222,5HT1B_HUMAN
DB00952,P30939,5HT1F_HUMAN
DB00953,P28221,5HT1D_HUMAN
DB00953,P28222,5HT1B_HUMAN
DB00953,P30939,5HT1F_HUMAN
DB00953,Q13639,5HT4R_HUMAN
DB00956,P35372,OPRM_HUMAN
DB00956,P41143,OPRD_HUMAN
DB00956,P41145,OPRK_HUMAN
DB00957,P06401,PRGR_HUMAN
DB00957,P03372,ESR1_HUMAN
DB00957,Q92887,MRP2_HUMAN
DB00958,P02768,ALBU_HUMAN
DB00959,P04150,GCR_HUMAN
DB00959,P04083,ANXA1_HUMAN
DB00960,P08588,ADRB1_HUMAN
DB00960,P07550,ADRB2_HUMAN
DB00960,P08908,5HT1A_HUMAN
DB00960,P28222,5HT1B_HUMAN
DB00960,P13945,ADRB3_HUMAN
DB00961,Q9Y5Y9,SC10A_HUMAN
DB00962,P14867,GBRA1_HUMAN
DB00963,P23219,PGH1_HUMAN
DB00963,P35354,PGH2_HUMAN
DB00964,P08913,ADA2A_HUMAN
DB00966,P30556,AGTR1_HUMAN
DB00967,P35367,HRH1_HUMAN
DB00968,P08913,ADA2A_HUMAN
DB00969,P46098,5HT3R_HUMAN
DB00972,P35367,HRH1_HUMAN
DB00973,Q9UHC9,NPCL1_HUMAN
DB00975,Q9Y233,PDE10_HUMAN
DB00975,O76074,PDE5A_HUMAN
DB00975,P08183,MDR1_HUMAN
DB00975,P27815,PDE4A_HUMAN
DB00975,P00813,ADA_HUMAN
DB00976,P05184,CP3A3_HUMAN
DB00977,P03372,ESR1_HUMAN
DB00977,O75469,PXR_HUMAN
DB00978,P11388,TOP2A_HUMAN
DB00979,P11229,ACM1_HUMAN
DB00980,P49286,MTR1B_HUMAN
DB00980,P48039,MTR1A_HUMAN
DB00981,P22303,ACES_HUMAN
DB00982,P10276,RARA_HUMAN
DB00983,P07550,ADRB2_HUMAN
DB00984,P10275,ANDR_HUMAN
DB00985,P35367,HRH1_HUMAN
DB00986,P11229,ACM1_HUMAN
DB00987,P06746,DPOLB_HUMAN
DB00987,P02768,ALBU_HUMAN
DB00988,P21728,DRD1_HUMAN
DB00988,P09172,DOPO_HUMAN
DB00988,P08588,ADRB1_HUMAN
DB00989,P22303,ACES_HUMAN
DB00989,P06276,CHLE_HUMAN
DB00990,P11511,CP19A_HUMAN
DB00991,P35354,PGH2_HUMAN
DB00992,P01130,LDLR_HUMAN
DB00993,P20839,IMDH1_HUMAN
DB00993,P12268,IMDH2_HUMAN
DB00993,P49915,GUAA_HUMAN
DB00993,P36959,GMPR1_HUMAN
DB00993,Q9P2T1,GMPR2_HUMAN
DB00993,P30566,PUR8_HUMAN
DB00993,P23109,AMPD1_HUMAN
DB00993,Q01433,AMPD2_HUMAN
DB00993,Q01432,AMPD3_HUMAN
DB00993,P00492,HPRT_HUMAN
DB00993,Q06203,PUR1_HUMAN
DB00995,O14920,IKKB_HUMAN
DB00995,P02768,ALBU_HUMAN
DB00996,P30542,AA1R_HUMAN
DB00996,Q00975,CAC1B_HUMAN
DB00996,Q5SQC4,Q5SQC4_HUMAN
DB00996,P54687,BCAT1_HUMAN
DB00997,P11388,TOP2A_HUMAN
DB00998,P28221,5HT1D_HUMAN
DB00998,P28222,5HT1B_HUMAN
DB00999,P55017,S12A3_HUMAN
DB00999,P00915,CAH1_HUMAN
DB00999,P00918,CAH2_HUMAN
DB00999,P22748,CAH4_HUMAN
DB00999,Q12791,KCMA1_HUMAN
DB01000,P46059,S15A1_HUMAN
DB01001,P07550,ADRB2_HUMAN
DB01001,P10145,IL8_HUMAN
DB01002,Q9Y5Y9,SC10A_HUMAN
DB01003,Q12791,KCMA1_HUMAN
DB01003,P25815,S100P_HUMAN
DB01005,P23921,RIR1_HUMAN
DB01006,P03372,ESR1_HUMAN
DB01006,P04626,ERBB2_HUMAN
DB01006,P11511,CP19A_HUMAN
DB01009,P23219,PGH1_HUMAN
DB01009,P35354,PGH2_HUMAN
DB01009,O95742,O95742_HUMAN
DB01009,P02768,ALBU_HUMAN
DB01009,P10145,IL8_HUMAN
DB01010,P22303,ACES_HUMAN
DB01011,P08684,CP3A4_HUMAN
DB01012,P41180,CASR_HUMAN
DB01013,P04083,ANXA1_HUMAN
DB01014,P23219,PGH1_HUMAN
DB01014,P35354,PGH2_HUMAN
DB01016,P48048,IRK1_HUMAN
DB01016,O15438,MRP3_HUMAN
DB01016,O60706,ABCC9_HUMAN
DB01016,O95342,ABCBB_HUMAN
DB01016,O95477,ABCA1_HUMAN
DB01016,P13569,CFTR_HUMAN
DB01016,P33527,MRP1_HUMAN
DB01016,Q09428,ABCC8_HUMAN
DB01016,Q14654,IRK11_HUMAN
DB01016,P48544,IRK5_HUMAN
DB01017,P01584,IL1B_HUMAN
DB01017,P09917,LOX5_HUMAN
DB01017,P14780,MMP9_HUMAN
DB01017,P15692,VEGFA_HUMAN
DB01017,P29466,CASP1_HUMAN
DB01017,P42574,CASP3_HUMAN
DB01017,P99999,CYC_HUMAN
DB01018,P08913,ADA2A_HUMAN
DB01018,P35368,ADA1B_HUMAN
DB01019,P11229,ACM1_HUMAN
DB01020,P16066,ANPRA_HUMAN
DB01021,Q13621,S12A1_HUMAN
DB01021,P05023,AT1A1_HUMAN
DB01021,P22748,CAH4_HUMAN
DB01021,Q12791,KCMA1_HUMAN
DB01021,P00918,CAH2_HUMAN
DB01021,P00915,CAH1_HUMAN
DB01022,P38435,VKGC_HUMAN
DB01022,P02818,OSTC_HUMAN
DB01023,P62158,CALM_HUMAN
DB01024,P12268,IMDH2_HUMAN
DB01024,P20839,IMDH1_HUMAN
DB01025,Q9Y271,CLTR1_HUMAN
DB01025,P08700,IL3_HUMAN
DB01025,P80511,S10AC_HUMAN
DB01025,Q99584,S10AD_HUMAN
DB01026,Q16850,CP51A_HUMAN
DB01028,P98194,AT2C1_HUMAN
DB01028,P30049,ATPD_HUMAN
DB01028,P14867,GBRA1_HUMAN
DB01028,Q09470,KCNA1_HUMAN
DB01028,P42261,GRIA1_HUMAN
DB01028,P23415,GLRA1_HUMAN
DB01029,P30556,AGTR1_HUMAN
DB01029,P01019,ANGT_HUMAN
DB01029,P05412,JUN_HUMAN
DB01030,Q969P6,TOP1M_HUMAN
DB01030,P11387,TOP1_HUMAN
DB01030,Q9UNQ0,ABCG2_HUMAN
DB01031,P00918,CAH2_HUMAN
DB01031,P00915,CAH1_HUMAN
DB01032,O95820,O95820_HUMAN
DB01032,P02768,ALBU_HUMAN
DB01032,P33527,MRP1_HUMAN
DB01032,Q9NSA0,OAT4_HUMAN
DB01033,P20839,IMDH1_HUMAN
DB01033,P12268,IMDH2_HUMAN
DB01033,P49915,GUAA_HUMAN
DB01033,P36959,GMPR1_HUMAN
DB01033,Q9P2T1,GMPR2_HUMAN
DB01033,P30566,PUR8_HUMAN
DB01033,P23109,AMPD1_HUMAN
DB01033,Q01433,AMPD2_HUMAN
DB01033,Q01432,AMPD3_HUMAN
DB01033,P00492,HPRT_HUMAN
DB01033,Q06203,PUR1_HUMAN
DB01034,P49327,FAS_HUMAN
DB01035,Q14524,SCN5A_HUMAN
DB01035,P26358,DNMT1_HUMAN
DB01036,P11229,ACM1_HUMAN
DB01036,P08172,ACM2_HUMAN
DB01036,P20309,ACM3_HUMAN
DB01037,P27338,AOFB_HUMAN
DB01038,P21728,DRD1_HUMAN
DB01038,P21918,DRD5_HUMAN
DB01038,P14416,DRD2_HUMAN
DB01039,Q07869,PPARA_HUMAN
DB01039,O43923,O43923_HUMAN
DB01041,P01375,TNFA_HUMAN
DB01041,P19838,NFKB1_HUMAN
DB01041,P35354,PGH2_HUMAN
DB01043,Q8TCU5,NMD3A_HUMAN
DB01043,Q12879,NMDE1_HUMAN
DB01043,Q13224,NMDE2_HUMAN
DB01044,P02768,ALBU_HUMAN
DB01044,P11388,TOP2A_HUMAN
DB01045,P08183,MDR1_HUMAN
DB01045,O75469,PXR_HUMAN
DB01046,P51788,CLCN2_HUMAN
DB01047,P08185,CBG_HUMAN
DB01047,P47712,PA24A_HUMAN
DB01049,P08908,5HT1A_HUMAN
DB01049,O94956,SO2B1_HUMAN
DB01050,P23219,PGH1_HUMAN
DB01050,P35354,PGH2_HUMAN
DB01050,P02768,ALBU_HUMAN
DB01054,Q06432,CCG1_HUMAN
DB01054,Q9UNQ0,ABCG2_HUMAN
DB01056,Q14524,SCN5A_HUMAN
DB01057,P06276,CHLE_HUMAN
DB01058,P09210,GSTA2_HUMAN
DB01059,P11388,TOP2A_HUMAN
DB01062,P11229,ACM1_HUMAN
DB01062,P08172,ACM2_HUMAN
DB01062,P20309,ACM3_HUMAN
DB01063,P14416,DRD2_HUMAN
DB01063,P21728,DRD1_HUMAN
DB01064,P08588,ADRB1_HUMAN
DB01064,P07550,ADRB2_HUMAN
DB01064,P27361,MK03_HUMAN
DB01064,P27986,P85A_HUMAN
DB01065,P48039,MTR1A_HUMAN
DB01065,P03372,ESR1_HUMAN
DB01065,P42574,CASP3_HUMAN
DB01065,P99999,CYC_HUMAN
DB01067,P48048,IRK1_HUMAN
DB01068,P14867,GBRA1_HUMAN
DB01068,P02768,ALBU_HUMAN
DB01069,P14416,DRD2_HUMAN
DB01069,P35367,HRH1_HUMAN
DB01069,P08173,ACM4_HUMAN
DB01069,P11229,ACM1_HUMAN
DB01069,P08912,ACM5_HUMAN
DB01069,P35348,ADA1A_HUMAN
DB01069,P28223,5HT2A_HUMAN
DB01069,P08172,ACM2_HUMAN
DB01069,P20309,ACM3_HUMAN
DB01069,P62158,CALM_HUMAN
DB01070,P11473,VDR_HUMAN
DB01071,P35367,HRH1_HUMAN
DB01072,P08183,MDR1_HUMAN
DB01073,P09884,DPOLA_HUMAN
DB01073,P23921,RIR1_HUMAN
DB01073,P42224,STAT1_HUMAN
DB01073,P00813,ADA_HUMAN
DB01074,P50416,CPT1A_HUMAN
DB01074,P23786,CPT2_HUMAN
DB01075,P35367,HRH1_HUMAN
DB01076,P04035,HMDH_HUMAN
DB01076,P01019,ANGT_HUMAN
DB01076,P01375,TNFA_HUMAN
DB01076,P04114,APOB_HUMAN
DB01076,P05121,PAI1_HUMAN
DB01076,P05184,CP3A3_HUMAN
DB01076,P13500,CCL2_HUMAN
DB01076,P15692,VEGFA_HUMAN
DB01076,P27169,PON1_HUMAN
DB01076,P29965,CD40L_HUMAN
DB01076,P37231,PPARG_HUMAN
DB01076,P61586,RHOA_HUMAN
DB01076,Q07869,PPARA_HUMAN
DB01076,P33993,MCM7_HUMAN
DB01076,Q14566,MCM6_HUMAN
DB01078,P05023,AT1A1_HUMAN
DB01079,P28221,5HT1D_HUMAN
DB01079,Q13639,5HT4R_HUMAN
DB01079,P08908,5HT1A_HUMAN
DB01079,P31645,SC6A4_HUMAN
DB01079,P41595,5HT2B_HUMAN
DB01080,P80404,GABT_HUMAN
DB01081,P35372,OPRM_HUMAN
DB01083,P16233,LIPP_HUMAN
DB01083,P06858,LIPL_HUMAN
DB01083,P49327,FAS_HUMAN
DB01084,P35367,HRH1_HUMAN
DB01085,P11229,ACM1_HUMAN
DB01085,P08172,ACM2_HUMAN
DB01086,Q9Y5Y9,SC10A_HUMAN
DB01087,P69905,HBA_HUMAN
DB01088,P43116,PE2R2_HUMAN
DB01088,P43119,PI2R_HUMAN
DB01088,P00750,TPA_HUMAN
DB01088,P27815,PDE4A_HUMAN
DB01089,P12821,ACE_HUMAN
DB01090,Q9GZZ6,ACH10_HUMAN
DB01091,Q14534,ERG1_HUMAN
DB01092,P05023,AT1A1_HUMAN
DB01092,P01019,ANGT_HUMAN
DB01092,P01042,KNG1_HUMAN
DB01093,P02766,TTHY_HUMAN
DB01093,P42330,AK1C3_HUMAN
DB01093,P05121,PAI1_HUMAN
DB01093,P00374,DYR_HUMAN
DB01093,Q02790,FKBP4_HUMAN
DB01094,P55157,MTP_HUMAN
DB01095,P04035,HMDH_HUMAN
DB01097,Q02127,PYRD_HUMAN
DB01097,P09917,LOX5_HUMAN
DB01098,P04035,HMDH_HUMAN
DB01098,P29474,NOS3_HUMAN
DB01098,Q9UNQ0,ABCG2_HUMAN
DB01099,P26358,DNMT1_HUMAN
DB01100,P14416,DRD2_HUMAN
DB01100,O43497,CAC1G_HUMAN
DB01100,P41143,OPRD_HUMAN
DB01100,P62158,CALM_HUMAN
DB01100,Q12809,KCNH2_HUMAN
DB01101,P04818,TYSY_HUMAN
DB01101,Q12882,DPYD_HUMAN
DB01102,P08588,ADRB1_HUMAN
DB01103,P08183,MDR1_HUMAN
DB01103,P47712,PA24A_HUMAN
DB01103,Q15111,Q15111_HUMAN
DB01103,P11229,ACM1_HUMAN
DB01103,P09917,LOX5_HUMAN
DB01104,P31645,SC6A4_HUMAN
DB01104,P05184,CP3A3_HUMAN
DB01104,P08908,5HT1A_HUMAN
DB01105,P31645,SC6A4_HUMAN
DB01105,P23975,SC6A2_HUMAN
DB01106,O95665,NTR2_HUMAN
DB01106,P35367,HRH1_HUMAN
DB01107,P14867,GBRA1_HUMAN
DB01108,P14060,3BHS1_HUMAN
DB01108,P01189,COLI_HUMAN
DB01108,P26439,3BHS2_HUMAN
DB01108,Q92731,ESR2_HUMAN
DB01109,P01008,ANT3_HUMAN
DB01109,P00734,THRB_HUMAN
DB01109,P00742,FA10_HUMAN
DB01109,P16109,LYAM3_HUMAN
DB01109,P00740,FA9_HUMAN
DB01110,P62158,CALM_HUMAN
DB01110,P98194,AT2C1_HUMAN
DB01110,Q16850,CP51A_HUMAN
DB01113,Q07343,PDE4B_HUMAN
DB01114,P35367,HRH1_HUMAN
DB01116,Q9GZZ6,ACH10_HUMAN
DB01117,P00156,CYB_HUMAN
DB01117,P31930,UQCR1_HUMAN
DB01117,Q02127,PYRD_HUMAN
DB01118,P35348,ADA1A_HUMAN
DB01118,P08588,ADRB1_HUMAN
DB01118,Q12809,KCNH2_HUMAN
DB01119,P55017,S12A3_HUMAN
DB01119,P00915,CAH1_HUMAN
DB01119,P00918,CAH2_HUMAN
DB01119,P22748,CAH4_HUMAN
DB01119,Q12791,KCMA1_HUMAN
DB01119,P05023,AT1A1_HUMAN
DB01119,Q14654,IRK11_HUMAN
DB01120,P48048,IRK1_HUMAN
DB01120,Q09428,ABCC8_HUMAN
DB01120,P02768,ALBU_HUMAN
DB01120,P15692,VEGFA_HUMAN
DB01121,P35498,SCN1A_HUMAN
DB01122,P22303,ACES_HUMAN
DB01123,P00734,THRB_HUMAN
DB01124,P48048,IRK1_HUMAN
DB01125,P38435,VKGC_HUMAN
DB01128,P10275,ANDR_HUMAN
DB01128,P05231,IL6_HUMAN
DB01128,Q92731,ESR2_HUMAN
DB01129,P51164,ATP4B_HUMAN
DB01129,P20648,ATP4A_HUMAN
DB01130,P04083,ANXA1_HUMAN
DB01131,P00374,DYR_HUMAN
DB01132,P37231,PPARG_HUMAN
DB01133,P18031,PTN1_HUMAN
DB01134,P08235,MCR_HUMAN
DB01135,Q15822,ACHA2_HUMAN
DB01135,P08172,ACM2_HUMAN
DB01136,P35348,ADA1A_HUMAN
DB01136,P08588,ADRB1_HUMAN
DB01136,O95298,NDUC2_HUMAN
DB01136,P07550,ADRB2_HUMAN
DB01136,P08183,MDR1_HUMAN
DB01136,P15692,VEGFA_HUMAN
DB01136,P16860,ANFB_HUMAN
DB01136,P17302,CXA1_HUMAN
DB01136,Q12809,KCNH2_HUMAN
DB01137,P11388,TOP2A_HUMAN
DB01138,P33527,MRP1_HUMAN
DB01138,Q92887,MRP2_HUMAN
DB01140,P46059,S15A1_HUMAN
DB01140,Q16348,S15A2_HUMAN
DB01142,P31645,SC6A4_HUMAN
DB01142,P23975,SC6A2_HUMAN
DB01142,P35367,HRH1_HUMAN
DB01142,P25021,HRH2_HUMAN
DB01143,P22413,ENPP1_HUMAN
DB01144,P00915,CAH1_HUMAN
DB01146,P35367,HRH1_HUMAN
DB01147,P02768,ALBU_HUMAN
DB01148,P11229,ACM1_HUMAN
DB01148,P08172,ACM2_HUMAN
DB01149,P28223,5HT2A_HUMAN
DB01149,P31645,SC6A4_HUMAN
DB01149,P23975,SC6A2_HUMAN
DB01149,P35348,ADA1A_HUMAN
DB01149,P35368,ADA1B_HUMAN
DB01151,P11229,ACM1_HUMAN
DB01151,P23975,SC6A2_HUMAN
DB01151,P07550,ADRB2_HUMAN
DB01151,P08172,ACM2_HUMAN
DB01151,P31645,SC6A4_HUMAN
DB01151,P35367,HRH1_HUMAN
DB01151,P08588,ADRB1_HUMAN
DB01151,P17405,ASM_HUMAN
DB01154,P14867,GBRA1_HUMAN
DB01156,Q01959,SC6A3_HUMAN
DB01156,P23975,SC6A2_HUMAN
DB01157,P00374,DYR_HUMAN
DB01158,P08588,ADRB1_HUMAN
DB01158,P07550,ADRB2_HUMAN
DB01158,P05023,AT1A1_HUMAN
DB01159,P42261,GRIA1_HUMAN
DB01159,P14867,GBRA1_HUMAN
DB01159,P23415,GLRA1_HUMAN
DB01159,Q5SQR9,Q5SQR9_HUMAN
DB01159,P98194,AT2C1_HUMAN
DB01159,O15554,KCNN4_HUMAN
DB01159,P30049,ATPD_HUMAN
DB01159,P02768,ALBU_HUMAN
DB01159,P08100,OPSD_HUMAN
DB01159,P48051,IRK6_HUMAN
DB01159,P48549,IRK3_HUMAN
DB01159,P59768,GBG2_HUMAN
DB01159,Q6W5P4,NPSR1_HUMAN
DB01160,P43119,PI2R_HUMAN
DB01161,Q9Y5Y9,SC10A_HUMAN
DB01161,Q9GZZ6,ACH10_HUMAN
DB01161,Q01959,SC6A3_HUMAN
DB01161,Q8TCU5,NMD3A_HUMAN
DB01161,P46098,5HT3R_HUMAN
DB01162,P35348,ADA1A_HUMAN
DB01162,P35368,ADA1B_HUMAN
DB01162,P25100,ADA1D_HUMAN
DB01165,P11388,TOP2A_HUMAN
DB01166,Q07343,PDE4B_HUMAN
DB01166,P27815,PDE4A_HUMAN
DB01166,Q14432,PDE3A_HUMAN
DB01167,P08183,MDR1_HUMAN
DB01167,Q16850,CP51A_HUMAN
DB01169,O14920,IKKB_HUMAN
DB01169,P05231,IL6_HUMAN
DB01169,P05412,JUN_HUMAN
DB01169,P08183,MDR1_HUMAN
DB01169,P27361,MK03_HUMAN
DB01169,P28482,MK01_HUMAN
DB01169,P31749,AKT1_HUMAN
DB01169,P98194,AT2C1_HUMAN
DB01170,P35348,ADA1A_HUMAN
DB01170,P18825,ADA2C_HUMAN
DB01170,P23975,SC6A2_HUMAN
DB01170,P25100,ADA1D_HUMAN
DB01170,P08913,ADA2A_HUMAN
DB01170,P18089,ADA2B_HUMAN
DB01170,P35368,ADA1B_HUMAN
DB01171,P21397,AOFA_HUMAN
DB01173,Q05586,NMDZ1_HUMAN
DB01173,O15399,NMDE4_HUMAN
DB01173,O60391,NMD3B_HUMAN
DB01173,Q8TCU5,NMD3A_HUMAN
DB01173,P35367,HRH1_HUMAN
DB01173,Q14097,Q14097_HUMAN
DB01174,P14867,GBRA1_HUMAN
DB01175,P31645,SC6A4_HUMAN
DB01176,P35367,HRH1_HUMAN
DB01176,P20309,ACM3_HUMAN
DB01176,P11229,ACM1_HUMAN
DB01176,P08172,ACM2_HUMAN
DB01177,P11388,TOP2A_HUMAN
DB01179,P11388,TOP2A_HUMAN
DB01180,P12821,ACE_HUMAN
DB01181,P26358,DNMT1_HUMAN
DB01182,Q14524,SCN5A_HUMAN
DB01182,Q12809,KCNH2_HUMAN
DB01182,P08183,MDR1_HUMAN
DB01183,P35372,OPRM_HUMAN
DB01183,P03372,ESR1_HUMAN
DB01183,P16220,CREB1_HUMAN
DB01183,P41143,OPRD_HUMAN
DB01184,P14416,DRD2_HUMAN
DB01185,P03372,ESR1_HUMAN
DB01185,P10275,ANDR_HUMAN
DB01185,P16471,PRLR_HUMAN
DB01186,P14416,DRD2_HUMAN
DB01186,P21728,DRD1_HUMAN
DB01188,P16050,LOX15_HUMAN
DB01188,P23219,PGH1_HUMAN
DB01188,P35354,PGH2_HUMAN
DB01189,P98194,AT2C1_HUMAN
DB01189,P23415,GLRA1_HUMAN
DB01189,P42261,GRIA1_HUMAN
DB01189,P14867,GBRA1_HUMAN
DB01189,Q09470,KCNA1_HUMAN
DB01189,P30049,ATPD_HUMAN
DB01191,P31645,SC6A4_HUMAN
DB01191,P28222,5HT1B_HUMAN
DB01191,P28335,5HT2C_HUMAN
DB01192,P35372,OPRM_HUMAN
DB01193,P08588,ADRB1_HUMAN
DB01194,P00915,CAH1_HUMAN
DB01194,P00918,CAH2_HUMAN
DB01195,Q14524,SCN5A_HUMAN
DB01196,Q92731,ESR2_HUMAN
DB01196,P03372,ESR1_HUMAN
DB01196,P08183,MDR1_HUMAN
DB01197,P22966,ACET_HUMAN
DB01197,P02768,ALBU_HUMAN
DB01197,P05023,AT1A1_HUMAN
DB01197,P12821,ACE_HUMAN
DB01199,Q15822,ACHA2_HUMAN
DB01199,P22303,ACES_HUMAN
DB01199,P46098,5HT3R_HUMAN
DB01200,P14416,DRD2_HUMAN
DB01200,P05184,CP3A3_HUMAN
DB01200,P16220,CREB1_HUMAN
DB01200,P51828,ADCY7_HUMAN
DB01200,P61278,SMS_HUMAN
DB01202,P35498,SCN1A_HUMAN
DB01202,P00915,CAH1_HUMAN
DB01202,O43497,CAC1G_HUMAN
DB01202,Q7L0J3,SV2A_HUMAN
DB01203,P08588,ADRB1_HUMAN
DB01203,P07550,ADRB2_HUMAN
DB01204,P11388,TOP2A_HUMAN
DB01204,Q9UNQ0,ABCG2_HUMAN
DB01205,P14867,GBRA1_HUMAN
DB01207,O14987,O14987_HUMAN
DB01207,P21731,TA2R_HUMAN
DB01208,P11388,TOP2A_HUMAN
DB01209,P35372,OPRM_HUMAN
DB01209,P41145,OPRK_HUMAN
DB01210,P08588,ADRB1_HUMAN
DB01210,P07550,ADRB2_HUMAN
DB01213,P07327,ADH1A_HUMAN
DB01213,P00325,ADH1B_HUMAN
DB01213,P00326,ADH1G_HUMAN
DB01213,P04040,CATA_HUMAN
DB01214,P08588,ADRB1_HUMAN
DB01214,P07550,ADRB2_HUMAN
DB01216,P10275,ANDR_HUMAN
DB01217,P11511,CP19A_HUMAN
DB01218,Q12809,KCNH2_HUMAN
DB01219,P21817,RYR1_HUMAN
DB01219,P02768,ALBU_HUMAN
DB01221,Q8TCU5,NMD3A_HUMAN
DB01221,P25103,NK1R_HUMAN
DB01222,P04150,GCR_HUMAN
DB01223,Q14432,PDE3A_HUMAN
DB01223,P33765,AA3R_HUMAN
DB01223,P30542,AA1R_HUMAN
DB01224,P28223,5HT2A_HUMAN
DB01224,P28335,5HT2C_HUMAN
DB01224,P14416,DRD2_HUMAN
DB01224,P41595,5HT2B_HUMAN
DB01224,P08908,5HT1A_HUMAN
DB01224,P21728,DRD1_HUMAN
DB01224,P35368,ADA1B_HUMAN
DB01224,P35367,HRH1_HUMAN
DB01225,P01008,ANT3_HUMAN
DB01225,P00734,THRB_HUMAN
DB01225,P00742,FA10_HUMAN
DB01226,Q15822,ACHA2_HUMAN
DB01226,P08172,ACM2_HUMAN
DB01227,P35372,OPRM_HUMAN
DB01228,Q14524,SCN5A_HUMAN
DB01229,Q9H4B7,TBB1_HUMAN
DB01231,P08172,ACM2_HUMAN
DB01231,P11229,ACM1_HUMAN
DB01231,P20309,ACM3_HUMAN
DB01232,P01375,TNFA_HUMAN
DB01232,P02768,ALBU_HUMAN
DB01232,P08183,MDR1_HUMAN
DB01232,P33527,MRP1_HUMAN
DB01232,Q92887,MRP2_HUMAN
DB01232,Q9UNQ0,ABCG2_HUMAN
DB01233,P11229,ACM1_HUMAN
DB01233,P14416,DRD2_HUMAN
DB01234,P04150,GCR_HUMAN
DB01234,P04083,ANXA1_HUMAN
DB01234,P35228,NOS2A_HUMAN
DB01234,P48061,SDF1_HUMAN
DB01234,P51843,DAX1_HUMAN
DB01234,P19838,NFKB1_HUMAN
DB01235,P21728,DRD1_HUMAN
DB01235,P14416,DRD2_HUMAN
DB01235,P21964,COMT_HUMAN
DB01235,P00439,PH4H_HUMAN
DB01236,P98194,AT2C1_HUMAN
DB01236,P23415,GLRA1_HUMAN
DB01236,P42261,GRIA1_HUMAN
DB01236,P14867,GBRA1_HUMAN
DB01236,Q09470,KCNA1_HUMAN
DB01236,P30049,ATPD_HUMAN
DB01237,P35367,HRH1_HUMAN
DB01238,P14416,DRD2_HUMAN
DB01238,P08908,5HT1A_HUMAN
DB01238,P28223,5HT2A_HUMAN
DB01239,P21728,DRD1_HUMAN
DB01239,P14416,DRD2_HUMAN
DB01239,P35462,DRD3_HUMAN
DB01239,P28223,5HT2A_HUMAN
DB01239,P41595,5HT2B_HUMAN
DB01239,P28335,5HT2C_HUMAN
DB01239,P35367,HRH1_HUMAN
DB01240,Q9H244,P2Y12_HUMAN
DB01240,P35354,PGH2_HUMAN
DB01240,P43119,PI2R_HUMAN
DB01241,P06858,LIPL_HUMAN
DB01241,Q07869,PPARA_HUMAN
DB01241,Q9Y6L6,SO1B1_HUMAN
DB01242,P31645,SC6A4_HUMAN
DB01242,P23975,SC6A2_HUMAN
DB01242,Q5TZY3,Q5TZY3_HUMAN
DB01242,P28223,5HT2A_HUMAN
DB01244,O00555,CAC1A_HUMAN
DB01244,Q14524,SCN5A_HUMAN
DB01244,P05023,AT1A1_HUMAN
DB01244,P51787,KCNQ1_HUMAN
DB01244,P63316,TNNC1_HUMAN
DB01244,P62158,CALM_HUMAN
DB01245,Q15822,ACHA2_HUMAN
DB01245,P22303,ACES_HUMAN
DB01246,P35367,HRH1_HUMAN
DB01247,P21397,AOFA_HUMAN
DB01247,P27338,AOFB_HUMAN
DB01248,Q9H4B7,TBB1_HUMAN
DB01252,Q09428,ABCC8_HUMAN
DB01252,Q14654,IRK11_HUMAN
DB01254,P00519,ABL1_HUMAN
DB01254,P42684,ABL2_HUMAN
DB01254,P12931,SRC_HUMAN
DB01254,P06241,FYN_HUMAN
DB01254,P06239,LCK_HUMAN
DB01254,P07947,YES_HUMAN
DB01254,P10721,KIT_HUMAN
DB01254,P09619,PGFRB_HUMAN
DB01254,P29317,EPHA2_HUMAN
DB01254,P51692,STA5B_HUMAN
DB01255,P35348,ADA1A_HUMAN
DB01255,P35368,ADA1B_HUMAN
DB01255,Q01959,SC6A3_HUMAN
DB01258,P00797,RENI_HUMAN
DB01258,P01019,ANGT_HUMAN
DB01259,P00533,EGFR_HUMAN
DB01259,P04626,ERBB2_HUMAN
DB01260,P04083,ANXA1_HUMAN
DB01261,P27487,DPP4_HUMAN
DB01262,P26358,DNMT1_HUMAN
DB01267,P14416,DRD2_HUMAN
DB01267,P28223,5HT2A_HUMAN
DB01268,P09619,PGFRB_HUMAN
DB01268,P17948,VGFR1_HUMAN
DB01268,P35968,VGFR2_HUMAN
DB01268,P35916,VGFR3_HUMAN
DB01268,P10721,KIT_HUMAN
DB01268,P36888,FLT3_HUMAN
DB01268,P07333,CSF1R_HUMAN
DB01268,P16234,PGFRA_HUMAN
DB01268,P07949,RET_HUMAN
DB01273,P43681,ACHA4_HUMAN
DB01273,P36544,ACHA7_HUMAN
DB01274,P07550,ADRB2_HUMAN
DB01275,Q16853,AOC3_HUMAN
DB01275,P13674,P4HA1_HUMAN
DB01282,P30559,OXYR_HUMAN
DB01283,P35354,PGH2_HUMAN
DB01283,P23219,PGH1_HUMAN
DB01284,Q01718,ACTHR_HUMAN
DB01288,P07550,ADRB2_HUMAN
DB01291,P07550,ADRB2_HUMAN
DB01295,P08588,ADRB1_HUMAN
DB01297,P08588,ADRB1_HUMAN
DB01320,Q14524,SCN5A_HUMAN
DB01325,P55017,S12A3_HUMAN
DB01325,P00915,CAH1_HUMAN
DB01325,P00918,CAH2_HUMAN
DB01325,P22748,CAH4_HUMAN
DB01325,Q12791,KCMA1_HUMAN
DB01327,O15439,MRP4_HUMAN
DB01327,P02768,ALBU_HUMAN
DB01327,P27169,PON1_HUMAN
DB01328,P02768,ALBU_HUMAN
DB01329,P02768,ALBU_HUMAN
DB01337,Q15822,ACHA2_HUMAN
DB01338,Q15822,ACHA2_HUMAN
DB01342,P30556,AGTR1_HUMAN
DB01348,P12821,ACE_HUMAN
DB01353,P14867,GBRA1_HUMAN
DB01355,P14867,GBRA1_HUMAN
DB01355,Q9UBB5,MBD2_HUMAN
DB01359,P02763,A1AG1_HUMAN
DB01359,P08588,ADRB1_HUMAN
DB01359,P07550,ADRB2_HUMAN
DB01365,P35348,ADA1A_HUMAN
DB01366,P07550,ADRB2_HUMAN
DB01366,P01375,TNFA_HUMAN
DB01366,P01584,IL1B_HUMAN
DB01367,P27338,AOFB_HUMAN
DB01382,P48048,IRK1_HUMAN
DB01384,P08185,CBG_HUMAN
DB01388,O43497,CAC1G_HUMAN
DB01388,O95180,CAC1H_HUMAN
DB01388,Q13936,CAC1C_HUMAN
DB01388,Q02641,CACB1_HUMAN
DB01388,Q14524,SCN5A_HUMAN
DB01392,P08913,ADA2A_HUMAN
DB01392,P18089,ADA2B_HUMAN
DB01392,P18825,ADA2C_HUMAN
DB01393,Q07869,PPARA_HUMAN
DB01393,Q8TE04,PANK1_HUMAN
DB01393,P04035,HMDH_HUMAN
DB01394,Q9H4B7,TBB1_HUMAN
DB01394,P07437,TBB2_HUMAN
DB01394,O15553,MEFV_HUMAN
DB01394,P08183,MDR1_HUMAN
DB01395,P06401,PRGR_HUMAN
DB01395,P03372,ESR1_HUMAN
DB01396,P05023,AT1A1_HUMAN
DB01396,P02768,ALBU_HUMAN
DB01399,P23219,PGH1_HUMAN
DB01399,P35354,PGH2_HUMAN
DB01400,P22303,ACES_HUMAN
DB01403,P35462,DRD3_HUMAN
DB01403,P35367,HRH1_HUMAN
DB01403,P11229,ACM1_HUMAN
DB01403,P08172,ACM2_HUMAN
DB01403,P20309,ACM3_HUMAN
DB01403,P08173,ACM4_HUMAN
DB01403,P08912,ACM5_HUMAN
DB01403,P35348,ADA1A_HUMAN
DB01403,P35368,ADA1B_HUMAN
DB01403,P25100,ADA1D_HUMAN
DB01403,P41595,5HT2B_HUMAN
DB01406,P03372,ESR1_HUMAN
DB01406,P30968,GNRHR_HUMAN
DB01406,Q96P88,GNRR2_HUMAN
DB01406,P13500,CCL2_HUMAN
DB01407,P07550,ADRB2_HUMAN
DB01407,P01138,NGF_HUMAN
DB01407,P01375,TNFA_HUMAN
DB01408,P07550,ADRB2_HUMAN
DB01409,P20309,ACM3_HUMAN
DB01410,P08185,CBG_HUMAN
DB01411,P01375,TNFA_HUMAN
DB01411,P05113,IL5_HUMAN
DB01411,P12724,ECP_HUMAN
DB01411,P19838,NFKB1_HUMAN
DB01411,Q9Y271,CLTR1_HUMAN
DB01415,P46059,S15A1_HUMAN
DB01418,P02763,A1AG1_HUMAN
DB01418,P02768,ALBU_HUMAN
DB01427,Q07343,PDE4B_HUMAN
DB01427,P01375,TNFA_HUMAN
DB01427,Q14432,PDE3A_HUMAN
DB01430,P05023,AT1A1_HUMAN
DB01452,P35372,OPRM_HUMAN
DB01463,Q01959,SC6A3_HUMAN
DB01520,Q8TCU5,NMD3A_HUMAN
DB01520,O60391,NMD3B_HUMAN
DB01520,Q12879,NMDE1_HUMAN
DB01520,Q14957,NMDE3_HUMAN
DB01520,Q13224,NMDE2_HUMAN
DB01520,O15399,NMDE4_HUMAN
DB01520,Q05586,NMDZ1_HUMAN
DB01544,Q9BY64,UDB28_HUMAN
DB01544,P47869,GBRA2_HUMAN
DB01544,P48169,GBRA4_HUMAN
DB01544,P31644,GBRA5_HUMAN
DB01544,Q16445,GBRA6_HUMAN
DB01544,P34903,GBRA3_HUMAN
DB01558,P47869,GBRA2_HUMAN
DB01567,P47869,GBRA2_HUMAN
DB01576,P35348,ADA1A_HUMAN
DB01576,P35368,ADA1B_HUMAN
DB01576,Q01959,SC6A3_HUMAN
DB01577,P35348,ADA1A_HUMAN
DB01577,P35368,ADA1B_HUMAN
DB01579,P35348,ADA1A_HUMAN
DB01579,P35368,ADA1B_HUMAN
DB01580,P08588,ADRB1_HUMAN
DB01580,P07550,ADRB2_HUMAN
DB01586,P52895,AK1C2_HUMAN
DB01588,P14867,GBRA1_HUMAN
DB01589,P14867,GBRA1_HUMAN
DB01590,P42345,FRAP_HUMAN
DB01591,P20309,ACM3_HUMAN
DB01591,P11229,ACM1_HUMAN
DB01595,P14867,GBRA1_HUMAN
DB01597,P16444,DPEP1_HUMAN
DB01600,P35354,PGH2_HUMAN
DB01608,P35368,ADA1B_HUMAN
DB01608,P35348,ADA1A_HUMAN
DB01608,P25100,ADA1D_HUMAN
DB01613,P16066,ANPRA_HUMAN
DB01613,P20594,ANPRB_HUMAN
DB01615,P35367,HRH1_HUMAN
DB01618,P14416,DRD2_HUMAN
DB01619,P35367,HRH1_HUMAN
DB01620,P35367,HRH1_HUMAN
DB01624,P21728,DRD1_HUMAN
DB01624,P21918,DRD5_HUMAN
DB01624,P14416,DRD2_HUMAN
DB01628,P35354,PGH2_HUMAN
DB01873,Q13748,TBA2_HUMAN
DB01873,P07437,TBB2_HUMAN
DB01873,Q9H4B7,TBB1_HUMAN
DB01873,P68371,TBB2C_HUMAN
DB01873,P04350,TBB4_HUMAN
DB01873,P68366,TBA1_HUMAN
DB01873,Q13509,TBB3_HUMAN
DB01873,Q9BQE3,TBA6_HUMAN
DB01873,Q9NY65,TBA8_HUMAN
DB01873,Q99867,TBB4Q_HUMAN
DB01873,P68363,TBAK_HUMAN
DB01873,Q71U36,TBA3_HUMAN
DB02300,P11473,VDR_HUMAN
DB02546,Q13547,HDAC1_HUMAN
DB02546,Q92769,HDAC2_HUMAN
DB02546,O15379,HDAC3_HUMAN
DB02546,Q9BY41,HDAC8_HUMAN
DB02638,P37288,V1AR_HUMAN
DB02638,P30518,V2R_HUMAN
DB02638,P47901,V1BR_HUMAN
DB02709,P02766,TTHY_HUMAN
DB02709,P16083,NQO2_HUMAN
DB02709,P23219,PGH1_HUMAN
DB02709,P68400,CSK21_HUMAN
DB02709,P35354,PGH2_HUMAN
DB03010,Q13748,TBA2_HUMAN
DB03010,P07437,TBB2_HUMAN
DB03010,Q9H4B7,TBB1_HUMAN
DB03010,P68371,TBB2C_HUMAN
DB03010,P04350,TBB4_HUMAN
DB03010,P68366,TBA1_HUMAN
DB03010,Q13509,TBB3_HUMAN
DB03010,Q9BQE3,TBA6_HUMAN
DB03010,Q9NY65,TBA8_HUMAN
DB03010,Q99867,TBB4Q_HUMAN
DB03010,P68363,TBAK_HUMAN
DB03010,Q71U36,TBA3_HUMAN
DB03496,P50613,CDK7_HUMAN
DB03496,Q00535,CDK5_HUMAN
DB03496,P50750,CDK9_HUMAN
DB03496,P06493,CDC2_HUMAN
DB03496,Q00534,CDK6_HUMAN
DB03496,P00533,EGFR_HUMAN
DB03496,O75100,O75100_HUMAN
DB03496,P11802,CDK4_HUMAN
DB03496,P49336,CDK8_HUMAN
DB03496,P24941,CDK2_HUMAN
DB03783,P23219,PGH1_HUMAN
DB03925,P08246,ELNE_HUMAN
DB04552,P51800,CLCKA_HUMAN
DB04573,P03372,ESR1_HUMAN
DB04575,P03372,ESR1_HUMAN
DB04690,P11387,TOP1_HUMAN
DB04711,P02768,ALBU_HUMAN
DB04786,Q9NXA8,SIRT5_HUMAN
DB04786,P00734,THRB_HUMAN
DB04786,P41231,P2RY2_HUMAN
DB04817,P23219,PGH1_HUMAN
DB04832,P31645,SC6A4_HUMAN
DB04835,P51681,CCR5_HUMAN
DB04836,P23975,SC6A2_HUMAN
DB04836,P31645,SC6A4_HUMAN
DB04837,P35367,HRH1_HUMAN
DB04839,P10275,ANDR_HUMAN
DB04840,P35348,ADA1A_HUMAN
DB04840,P18825,ADA2C_HUMAN
DB04840,P25100,ADA1D_HUMAN
DB04840,P08913,ADA2A_HUMAN
DB04840,P18089,ADA2B_HUMAN
DB04840,P35368,ADA1B_HUMAN
DB04840,P23975,SC6A2_HUMAN
DB04841,P35367,HRH1_HUMAN
DB04841,O43497,CAC1G_HUMAN
DB04841,O95180,CAC1H_HUMAN
DB04841,Q9P0X4,CAC1I_HUMAN
DB04841,P62158,CALM_HUMAN
DB04842,P14416,DRD2_HUMAN
DB04843,Q8TDS4,G109A_HUMAN
DB04843,P49019,G109B_HUMAN
DB04844,Q05940,VMAT2_HUMAN
DB04861,P08588,ADRB1_HUMAN
DB04878,O43451,MGA_HUMAN
DB04880,Q14432,PDE3A_HUMAN
DB04890,P35367,HRH1_HUMAN
DB04894,P25103,NK1R_HUMAN
DB04896,P31645,SC6A4_HUMAN
DB04896,P23975,SC6A2_HUMAN
DB04898,P00734,THRB_HUMAN
DB04942,P10276,RARA_HUMAN
DB04942,P10826,RARB_HUMAN
DB04948,P08913,ADA2A_HUMAN
DB04948,P18089,ADA2B_HUMAN
DB04948,P18825,ADA2C_HUMAN
DB04967,P11388,TOP2A_HUMAN
DB04967,P27695,APEX1_HUMAN
DB04967,P11387,TOP1_HUMAN
DB06144,P28223,5HT2A_HUMAN
DB06144,P28335,5HT2C_HUMAN
DB06144,P14416,DRD2_HUMAN
DB06144,P35348,ADA1A_HUMAN
DB06144,P35368,ADA1B_HUMAN
DB06144,P25100,ADA1D_HUMAN
DB06144,Q12809,KCNH2_HUMAN
DB06144,P50406,5HT6R_HUMAN
DB06148,P35367,HRH1_HUMAN
DB06148,P08913,ADA2A_HUMAN
DB06148,P28223,5HT2A_HUMAN
DB06148,P28335,5HT2C_HUMAN
DB06155,P21554,CNR1_HUMAN
DB06196,P30411,BKRB2_HUMAN
DB06262,P00439,PH4H_HUMAN
DB06262,P23975,SC6A2_HUMAN
DB06262,P35348,ADA1A_HUMAN
DB06262,P35368,ADA1B_HUMAN
DB06262,P25100,ADA1D_HUMAN
DB06262,P08913,ADA2A_HUMAN
DB06262,P18089,ADA2B_HUMAN
DB06262,P18825,ADA2C_HUMAN
DB06262,P08588,ADRB1_HUMAN
DB06262,P07550,ADRB2_HUMAN
DB06262,P13945,ADRB3_HUMAN
DB06267,O76074,PDE5A_HUMAN
DB06274,P35372,OPRM_HUMAN
DB06285,Q03431,PTHR1_HUMAN
DB06287,P42345,FRAP_HUMAN
DB06288,P14416,DRD2_HUMAN
DB06288,P35462,DRD3_HUMAN
DB06692,P07477,TRY1_HUMAN
DB06692,P17538,CTRB1_HUMAN
DB06692,P00747,PLMN_HUMAN
DB06692,P06870,KLK1_HUMAN
